storm,pr_max,pr_sum,MltnInd,SlopeMn,Tc_Clfr,Area_m2,RvrsSlD,MnRvrSD,nStrahler1,Dd_km-1,Ct_km,Tf_hr,L_toOutlet_km,V_m_s,LRiverNetwork_km
0,2.42666949185979,16.7522330521292,0.21,21.17,2.019418047526634,96671524.76051223,12.7,8.892297065638909,325.0,2.448,795.6,7.43,22.93844,0.8572292755292713,236.64
1,7.14392582654813,26.4797449104127,0.21,21.17,2.019418047526634,96671524.76051223,12.7,8.892297065638909,325.0,2.448,795.6,7.43,22.93844,0.8572292755292713,236.64
2,2.97547272619925,10.4252487773674,0.21,21.17,2.019418047526634,96671524.76051223,12.7,8.892297065638909,325.0,2.448,795.6,7.43,22.93844,0.8572292755292713,236.64
3,5.12857945133886,59.3373858378078,0.21,21.17,2.019418047526634,96671524.76051223,12.7,8.892297065638909,325.0,2.448,795.6,7.43,22.93844,0.8572292755292713,236.64
0,2.69407682340319,17.7772944897122,0.97,24.11,0.081632221053138,418786.8217626853,15.0,18.302869673147352,2.0,4.68,9.36,0.33,1.9295,1.6090321511948102,1.96
1,8.53109531128694,27.2592216952049,0.97,24.11,0.081632221053138,418786.8217626853,15.0,18.302869673147352,2.0,4.68,9.36,0.33,1.9295,1.6090321511948102,1.96
2,2.82791185688334,6.7880027880894,0.97,24.11,0.081632221053138,418786.8217626853,15.0,18.302869673147352,2.0,4.68,9.36,0.33,1.9295,1.6090321511948102,1.96
3,5.26326673773343,62.1630929737097,0.97,24.11,0.081632221053138,418786.8217626853,15.0,18.302869673147352,2.0,4.68,9.36,0.33,1.9295,1.6090321511948102,1.96
0,2.94131731189015,18.7250496955789,0.71,23.28,0.156866899914996,664737.0982422824,14.4,14.237032576084149,2.0,2.452,4.9,0.41,2.24884,1.5409068858208053,1.63
1,10.0569423260022,30.1706103341196,0.71,23.28,0.156866899914996,664737.0982422824,14.4,14.237032576084149,2.0,2.452,4.9,0.41,2.24884,1.5409068858208053,1.63
2,2.82114627746139,6.62123719005717,0.71,23.28,0.156866899914996,664737.0982422824,14.4,14.237032576084149,2.0,2.452,4.9,0.41,2.24884,1.5409068858208053,1.63
3,5.2653294401453,62.080892630292,0.71,23.28,0.156866899914996,664737.0982422824,14.4,14.237032576084149,2.0,2.452,4.9,0.41,2.24884,1.5409068858208053,1.63
0,2.83670387781349,18.3240315316184,0.61,24.12,0.352906856230769,2760112.0574083,17.1,15.713965076217296,13.0,2.917,37.92,0.89,4.43703,1.3774571212258513,8.05
1,9.42434353066176,29.265376937938,0.61,24.12,0.352906856230769,2760112.0574083,17.1,15.713965076217296,13.0,2.917,37.92,0.89,4.43703,1.3774571212258513,8.05
2,2.84030332878951,7.09344170086416,0.61,24.12,0.352906856230769,2760112.0574083,17.1,15.713965076217296,13.0,2.917,37.92,0.89,4.43703,1.3774571212258513,8.05
3,5.23552346631291,61.4034556471514,0.61,24.12,0.352906856230769,2760112.0574083,17.1,15.713965076217296,13.0,2.917,37.92,0.89,4.43703,1.3774571212258513,8.05
0,2.77856180121449,18.1011535713222,0.6,24.77,0.469676964244491,5540427.130612271,19.6,16.319850493335597,17.0,2.372,40.32,1.35,6.56073,1.349818538617241,13.14
1,9.09868548904657,29.1441332830767,0.6,24.77,0.469676964244491,5540427.130612271,19.6,16.319850493335597,17.0,2.372,40.32,1.35,6.56073,1.349818538617241,13.14
2,2.87092246778648,7.84817661824569,0.6,24.77,0.469676964244491,5540427.130612271,19.6,16.319850493335597,17.0,2.372,40.32,1.35,6.56073,1.349818538617241,13.14
3,5.20205255029988,60.6154876123759,0.6,24.77,0.469676964244491,5540427.130612271,19.6,16.319850493335597,17.0,2.372,40.32,1.35,6.56073,1.349818538617241,13.14
0,2.90866789977503,18.5998936158043,0.77,27.34,0.254597569981198,2857636.658090077,22.5,23.991173932013574,9.0,2.565,23.09,0.65,3.97969,1.6907855877698534,7.33
1,9.87908991514505,30.6672341825396,0.77,27.34,0.254597569981198,2857636.658090077,22.5,23.991173932013574,9.0,2.565,23.09,0.65,3.97969,1.6907855877698534,7.33
2,2.86543644963863,7.71295108319782,0.77,27.34,0.254597569981198,2857636.658090077,22.5,23.991173932013574,9.0,2.565,23.09,0.65,3.97969,1.6907855877698534,7.33
3,5.21838348727122,60.8075211355957,0.77,27.34,0.254597569981198,2857636.658090077,22.5,23.991173932013574,9.0,2.565,23.09,0.65,3.97969,1.6907855877698534,7.33
0,2.82775252374537,18.2897180076906,0.66,26.47,0.395243951608638,4578773.025556286,22.0,20.0513224176706,24.0,3.405,81.72,0.98,5.438350000000001,1.5458393284257,15.59
1,9.42683500970094,30.4847099611546,0.66,26.47,0.395243951608638,4578773.025556286,22.0,20.0513224176706,24.0,3.405,81.72,0.98,5.438350000000001,1.5458393284257,15.59
2,2.90654688009719,8.72628713222013,0.66,26.47,0.395243951608638,4578773.025556286,22.0,20.0513224176706,24.0,3.405,81.72,0.98,5.438350000000001,1.5458393284257,15.59
3,5.18454081297985,60.0492411139907,0.66,26.47,0.395243951608638,4578773.025556286,22.0,20.0513224176706,24.0,3.405,81.72,0.98,5.438350000000001,1.5458393284257,15.59
0,2.88887027947174,18.524002737975,1.19,26.81,0.17815134432771,853822.8114658379,24.3,24.13958795878064,3.0,3.549,10.65,0.51,3.13462,1.7183796387325414,3.03
1,9.79167689775642,31.4402107817986,1.19,26.81,0.17815134432771,853822.8114658379,24.3,24.13958795878064,3.0,3.549,10.65,0.51,3.13462,1.7183796387325414,3.03
2,2.91512109402113,8.93763398420514,1.19,26.81,0.17815134432771,853822.8114658379,24.3,24.13958795878064,3.0,3.549,10.65,0.51,3.13462,1.7183796387325414,3.03
3,5.20475843304095,60.3300067366374,1.19,26.81,0.17815134432771,853822.8114658379,24.3,24.13958795878064,3.0,3.549,10.65,0.51,3.13462,1.7183796387325414,3.03
0,2.92323096522344,18.6557187000232,1.18,28.84,0.094130020837511,226144.4461177461,25.9,26.190810486232763,1.0,5.085,5.08,0.18,1.29518,1.9965545814089625,1.15
1,9.98625491852219,31.6613828543267,1.18,28.84,0.094130020837511,226144.4461177461,25.9,26.190810486232763,1.0,5.085,5.08,0.18,1.29518,1.9965545814089625,1.15
2,2.90479619977695,8.68313439801087,1.18,28.84,0.094130020837511,226144.4461177461,25.9,26.190810486232763,1.0,5.085,5.08,0.18,1.29518,1.9965545814089625,1.15
0,2.7516108571253,17.9978416189803,0.57,25.44,0.49178248870822,7099650.149749627,17.9,18.2505990948949,21.0,2.379,49.96,1.09,5.79503,1.4775476090210773,16.89
1,9.07155472981644,31.1766696486969,0.57,25.44,0.49178248870822,7099650.149749627,17.9,18.2505990948949,21.0,2.379,49.96,1.09,5.79503,1.4775476090210773,16.89
2,2.9881629289533,10.7380511434981,0.57,25.44,0.49178248870822,7099650.149749627,17.9,18.2505990948949,21.0,2.379,49.96,1.09,5.79503,1.4775476090210773,16.89
3,5.13177752515559,58.8482467465617,0.57,25.44,0.49178248870822,7099650.149749627,17.9,18.2505990948949,21.0,2.379,49.96,1.09,5.79503,1.4775476090210773,16.89
0,2.8007692308229,18.1862820514878,0.74,27.19,0.439136748686276,5126786.622314403,19.8,15.129903312266515,22.0,3.283,72.23,1.13,6.33461,1.5594451191608816,16.83
1,9.60501070415999,37.130930559642,0.74,27.19,0.439136748686276,5126786.622314403,19.8,15.129903312266515,22.0,3.283,72.23,1.13,6.33461,1.5594451191608816,16.83
2,3.22426638646128,16.5577942627738,0.74,27.19,0.439136748686276,5126786.622314403,19.8,15.129903312266515,22.0,3.283,72.23,1.13,6.33461,1.5594451191608816,16.83
3,5.25371302384538,60.6602664794771,0.74,27.19,0.439136748686276,5126786.622314403,19.8,15.129903312266515,22.0,3.283,72.23,1.13,6.33461,1.5594451191608816,16.83
0,2.84651226214,18.3616303382033,0.48,25.18,0.127438375190933,711438.7819584775,15.2,13.763440716977778,3.0,3.092,9.28,0.27,1.4767,1.495438337337389,2.2
1,9.66752291088355,34.0159481967138,0.48,25.18,0.127438375190933,711438.7819584775,15.2,13.763440716977778,3.0,3.092,9.28,0.27,1.4767,1.495438337337389,2.2
2,3.06159439911917,12.5480724695164,0.48,25.18,0.127438375190933,711438.7819584775,15.2,13.763440716977778,3.0,3.092,9.28,0.27,1.4767,1.495438337337389,2.2
3,5.22273085468936,60.3289815664649,0.48,25.18,0.127438375190933,711438.7819584775,15.2,13.763440716977778,3.0,3.092,9.28,0.27,1.4767,1.495438337337389,2.2
0,2.87189196107205,18.4589191841095,0.42,25.88,0.583400301542312,12212288.482993098,20.7,14.125485378436894,49.0,3.207,157.14,1.54,7.17684,1.2975911691844082,39.17
1,9.84155710758081,35.5341398751147,0.42,25.88,0.583400301542312,12212288.482993098,20.7,14.125485378436894,49.0,3.207,157.14,1.54,7.17684,1.2975911691844082,39.17
2,3.11468347182043,13.8566715422404,0.42,25.88,0.583400301542312,12212288.482993098,20.7,14.125485378436894,49.0,3.207,157.14,1.54,7.17684,1.2975911691844082,39.17
3,5.32145821788537,61.9219444403938,0.42,25.88,0.583400301542312,12212288.482993098,20.7,14.125485378436894,49.0,3.207,157.14,1.54,7.17684,1.2975911691844082,39.17
0,2.98148773451401,18.879036315637,0.63,27.85,0.303691343383343,3735998.030248087,22.0,19.469103003603863,15.0,2.203,33.04,0.72,4.21372,1.618115445053106,8.23
1,10.3339761036162,33.0933468396238,0.63,27.85,0.303691343383343,3735998.030248087,22.0,19.469103003603863,15.0,2.203,33.04,0.72,4.21372,1.618115445053106,8.23
2,2.93789092270805,9.49889028780363,0.63,27.85,0.303691343383343,3735998.030248087,22.0,19.469103003603863,15.0,2.203,33.04,0.72,4.21372,1.618115445053106,8.23
3,5.31785620086208,62.203596821747,0.63,27.85,0.303691343383343,3735998.030248087,22.0,19.469103003603863,15.0,2.203,33.04,0.72,4.21372,1.618115445053106,8.23
0,2.98917342923708,18.9084981454088,0.91,27.32,0.078872884161534,419434.7559724801,26.2,28.22032082013969,4.0,4.601,18.4,0.24,1.54726,1.769850514455653,1.93
1,10.3691268638367,32.3609713063562,0.91,27.32,0.078872884161534,419434.7559724801,26.2,28.22032082013969,4.0,4.601,18.4,0.24,1.54726,1.769850514455653,1.93
2,2.89856747815462,8.5296018738112,0.91,27.32,0.078872884161534,419434.7559724801,26.2,28.22032082013969,4.0,4.601,18.4,0.24,1.54726,1.769850514455653,1.93
3,5.27114112212334,61.5094161837906,0.91,27.32,0.078872884161534,419434.7559724801,26.2,28.22032082013969,4.0,4.601,18.4,0.24,1.54726,1.769850514455653,1.93
0,3.03615639614794,19.0885995185671,0.88,27.19,0.255305721777107,1975073.853133068,23.9,23.47762003776577,5.0,3.428,17.14,0.63,3.90811,1.7214769924887228,6.77
1,10.6427538729603,32.6959573059349,0.88,27.19,0.255305721777107,1975073.853133068,23.9,23.47762003776577,5.0,3.428,17.14,0.63,3.90811,1.7214769924887228,6.77
2,2.88658269658198,8.23418752101188,0.88,27.19,0.255305721777107,1975073.853133068,23.9,23.47762003776577,5.0,3.428,17.14,0.63,3.90811,1.7214769924887228,6.77
3,5.3145149783014,62.294675545683,0.88,27.19,0.255305721777107,1975073.853133068,23.9,23.47762003776577,5.0,3.428,17.14,0.63,3.90811,1.7214769924887228,6.77
0,3.044478251499,19.1204999640795,1.32,29.94,0.07546034728812,587847.1373637415,25.0,28.621938080137912,4.0,2.569,10.28,0.31,2.23834,2.001591839263744,1.51
1,10.6925493022951,32.3846650604574,1.32,29.94,0.07546034728812,587847.1373637415,25.0,28.621938080137912,4.0,2.569,10.28,0.31,2.23834,2.001591839263744,1.51
2,2.86682483857516,7.74717365259831,1.32,29.94,0.07546034728812,587847.1373637415,25.0,28.621938080137912,4.0,2.569,10.28,0.31,2.23834,2.001591839263744,1.51
3,5.28636530176072,61.8812373934039,1.32,29.94,0.07546034728812,587847.1373637415,25.0,28.621938080137912,4.0,2.569,10.28,0.31,2.23834,2.001591839263744,1.51
0,3.09628510931375,19.319092919036,0.86,27.41,0.169644178760078,1788935.0354706987,26.6,26.028782901383774,9.0,3.365,30.29,0.43,2.88403,1.8707453430216237,6.02
1,11.0063910903694,32.63296224254,0.86,27.41,0.169644178760078,1788935.0354706987,26.6,26.028782901383774,9.0,3.365,30.29,0.43,2.88403,1.8707453430216237,6.02
2,2.84818759685989,7.28778199277439,0.86,27.41,0.169644178760078,1788935.0354706987,26.6,26.028782901383774,9.0,3.365,30.29,0.43,2.88403,1.8707453430216237,6.02
3,5.30840922462795,62.3413516987479,0.86,27.41,0.169644178760078,1788935.0354706987,26.6,26.028782901383774,9.0,3.365,30.29,0.43,2.88403,1.8707453430216237,6.02
0,3.14512380982134,19.5063079376485,0.77,27.1,0.192279035465176,1457070.0946685723,24.4,22.29892912441877,8.0,4.77,38.16,0.4,2.60673,1.80701719788884,6.95
1,11.3128947426067,32.7746222511937,0.77,27.1,0.192279035465176,1457070.0946685723,24.4,22.29892912441877,8.0,4.77,38.16,0.4,2.60673,1.80701719788884,6.95
2,2.82645333681643,6.75205154784354,0.77,27.1,0.192279035465176,1457070.0946685723,24.4,22.29892912441877,8.0,4.77,38.16,0.4,2.60673,1.80701719788884,6.95
3,5.30002378985211,62.3249491470911,0.77,27.1,0.192279035465176,1457070.0946685723,24.4,22.29892912441877,8.0,4.77,38.16,0.4,2.60673,1.80701719788884,6.95
0,2.34802637599149,16.4507677746341,0.52,24.08,0.595479012112438,6687595.615454227,16.5,14.049006310389675,19.0,3.053,58.01,1.65,7.65149,1.2910571746776631,20.42
1,6.38037696639864,23.0100929564257,0.52,24.08,0.595479012112438,6687595.615454227,16.5,14.049006310389675,19.0,3.053,58.01,1.65,7.65149,1.2910571746776631,20.42
2,2.83137206793546,6.87329395525127,0.52,24.08,0.595479012112438,6687595.615454227,16.5,14.049006310389675,19.0,3.053,58.01,1.65,7.65149,1.2910571746776631,20.42
3,5.33397142904071,63.8943750195501,0.52,24.08,0.595479012112438,6687595.615454227,16.5,14.049006310389675,19.0,3.053,58.01,1.65,7.65149,1.2910571746776631,20.42
0,2.84294719609639,18.3479642517028,0.7,27.42,0.421135096688437,5227821.987767971,22.5,18.89237281213316,18.0,2.362,42.52,1.15,6.26968,1.5135642036083472,12.35
1,9.44930036402375,29.0111025744124,0.7,27.42,0.421135096688437,5227821.987767971,22.5,18.89237281213316,18.0,2.362,42.52,1.15,6.26968,1.5135642036083472,12.35
2,2.82354371912302,6.68033202399721,0.7,27.42,0.421135096688437,5227821.987767971,22.5,18.89237281213316,18.0,2.362,42.52,1.15,6.26968,1.5135642036083472,12.35
3,5.35906720723335,64.2470315860728,0.7,27.42,0.421135096688437,5227821.987767971,22.5,18.89237281213316,18.0,2.362,42.52,1.15,6.26968,1.5135642036083472,12.35
0,3.08495587547625,19.2756641893256,0.64,26.76,0.390303644601196,4816455.335406943,21.7,18.96371876820001,19.0,2.363,44.9,1.02,5.5733500000000005,1.5231731268778164,11.38
1,10.9463533311841,31.794697174502,0.64,26.76,0.390303644601196,4816455.335406943,21.7,18.96371876820001,19.0,2.363,44.9,1.02,5.5733500000000005,1.5231731268778164,11.38
2,2.81473419821913,6.46318506136621,0.64,26.76,0.390303644601196,4816455.335406943,21.7,18.96371876820001,19.0,2.363,44.9,1.02,5.5733500000000005,1.5231731268778164,11.38
3,5.36628429512449,64.2103236502889,0.64,26.76,0.390303644601196,4816455.335406943,21.7,18.96371876820001,19.0,2.363,44.9,1.02,5.5733500000000005,1.5231731268778164,11.38
0,3.25471945182657,19.9264245653352,0.74,24.59,0.221901896857548,1437285.705584646,20.6,19.0793487069695,4.0,3.214,12.86,0.3,1.74371,1.601898829410216,4.62
1,12.0123155770496,33.6113810508439,0.74,24.59,0.221901896857548,1437285.705584646,20.6,19.0793487069695,4.0,3.214,12.86,0.3,1.74371,1.601898829410216,4.62
2,2.80288863969148,6.17120243450064,0.74,24.59,0.221901896857548,1437285.705584646,20.6,19.0793487069695,4.0,3.214,12.86,0.3,1.74371,1.601898829410216,4.62
3,5.34330262528548,63.6352817662223,0.74,24.59,0.221901896857548,1437285.705584646,20.6,19.0793487069695,4.0,3.214,12.86,0.3,1.74371,1.601898829410216,4.62
0,3.23513560443431,19.8513531503315,0.93,28.22,0.221903315600896,1146306.8937914344,21.7,21.51132446415191,2.0,2.582,5.16,0.55,3.23058,1.6399582613051975,2.96
1,11.8862291134714,33.4425079485296,0.93,28.22,0.221903315600896,1146306.8937914344,21.7,21.51132446415191,2.0,2.582,5.16,0.55,3.23058,1.6399582613051975,2.96
2,2.80614849265589,6.25155495055303,0.93,28.22,0.221903315600896,1146306.8937914344,21.7,21.51132446415191,2.0,2.582,5.16,0.55,3.23058,1.6399582613051975,2.96
3,5.36398248314237,63.9305465295327,0.93,28.22,0.221903315600896,1146306.8937914344,21.7,21.51132446415191,2.0,2.582,5.16,0.55,3.23058,1.6399582613051975,2.96
0,2.68759786509967,17.7524584828821,0.22,20.73,2.166329230284417,127534683.89156212,15.4,7.601114824454508,470.0,2.737,1286.39,7.82,22.62349,0.8039819781951341,349.01
1,8.76041130176745,31.1076590811302,0.22,20.73,2.166329230284417,127534683.89156212,15.4,7.601114824454508,470.0,2.737,1286.39,7.82,22.62349,0.8039819781951341,349.01
2,3.02595962226196,11.6697064785623,0.22,20.73,2.166329230284417,127534683.89156212,15.4,7.601114824454508,470.0,2.737,1286.39,7.82,22.62349,0.8039819781951341,349.01
3,5.50981116223551,67.2936788804452,0.22,20.73,2.166329230284417,127534683.89156212,15.4,7.601114824454508,470.0,2.737,1286.39,7.82,22.62349,0.8039819781951341,349.01
0,3.04955116713676,19.1399461406909,0.89,26.21,0.42924894400579,2656453.1623622347,22.4,20.559058760812363,11.0,3.667,40.34,0.87,5.05954,1.6112453062791745,9.74
1,10.7225029968476,32.5207222184813,0.89,26.21,0.42924894400579,2656453.1623622347,22.4,20.559058760812363,11.0,3.667,40.34,0.87,5.05954,1.6112453062791745,9.74
2,2.87031893661508,7.83330010428397,0.89,26.21,0.42924894400579,2656453.1623622347,22.4,20.559058760812363,11.0,3.667,40.34,0.87,5.05954,1.6112453062791745,9.74
3,5.43554059424948,64.8702280570198,0.89,26.21,0.42924894400579,2656453.1623622347,22.4,20.559058760812363,11.0,3.667,40.34,0.87,5.05954,1.6112453062791745,9.74
0,3.01175106220076,18.9950457384363,1.2,25.15,0.184279770473722,1572281.5972215794,22.5,19.68016991576263,8.0,4.643,37.14,0.79,4.31306,1.5155911006404652,7.3
1,10.5012408482785,32.7483405469948,1.2,25.15,0.184279770473722,1572281.5972215794,22.5,19.68016991576263,8.0,4.643,37.14,0.79,4.31306,1.5155911006404652,7.3
2,2.90354606517604,8.65231967670756,1.2,25.15,0.184279770473722,1572281.5972215794,22.5,19.68016991576263,8.0,4.643,37.14,0.79,4.31306,1.5155911006404652,7.3
3,5.45430702532027,65.0560911050429,1.2,25.15,0.184279770473722,1572281.5972215794,22.5,19.68016991576263,8.0,4.643,37.14,0.79,4.31306,1.5155911006404652,7.3
0,2.93528559269031,18.7019281053128,0.64,27.99,0.302051959497328,7283943.283689892,26.3,24.904966261884468,25.0,4.244,106.1,0.67,4.35094,1.8050970004345184,30.91
1,10.1023175947747,33.9266362525833,0.64,27.99,0.302051959497328,7283943.283689892,26.3,24.904966261884468,25.0,4.244,106.1,0.67,4.35094,1.8050970004345184,30.91
2,3.00438093730702,11.1378108230942,0.64,27.99,0.302051959497328,7283943.283689892,26.3,24.904966261884468,25.0,4.244,106.1,0.67,4.35094,1.8050970004345184,30.91
3,5.50135077292147,65.5652655783125,0.64,27.99,0.302051959497328,7283943.283689892,26.3,24.904966261884468,25.0,4.244,106.1,0.67,4.35094,1.8050970004345184,30.91
0,2.94349163245315,18.7333845910704,1.28,29.25,0.09619464247193,761583.4600517419,23.7,28.03563935002026,4.0,4.386,17.54,0.35,2.36453,1.8993815023042724,3.34
1,10.1567284313874,34.54181303008,1.28,29.25,0.09619464247193,761583.4600517419,23.7,28.03563935002026,4.0,4.386,17.54,0.35,2.36453,1.8993815023042724,3.34
2,3.02785563261745,11.7164414706583,1.28,29.25,0.09619464247193,761583.4600517419,23.7,28.03563935002026,4.0,4.386,17.54,0.35,2.36453,1.8993815023042724,3.34
3,5.49093130790997,65.1152984667946,1.28,29.25,0.09619464247193,761583.4600517419,23.7,28.03563935002026,4.0,4.386,17.54,0.35,2.36453,1.8993815023042724,3.34
0,2.91356803878525,18.6186774820101,1.44,28.4,0.108500037564568,654011.0679539443,27.1,30.232077837745617,4.0,11.177,44.71,0.41,2.66595,1.8014208497567996,7.31
1,10.0365062354355,35.6286156068761,1.44,28.4,0.108500037564568,654011.0679539443,27.1,30.232077837745617,4.0,11.177,44.71,0.41,2.66595,1.8014208497567996,7.31
2,3.09463153287176,13.362408836576,1.44,28.4,0.108500037564568,654011.0679539443,27.1,30.232077837745617,4.0,11.177,44.71,0.41,2.66595,1.8014208497567996,7.31
3,5.51395196295479,65.3092668710748,1.44,28.4,0.108500037564568,654011.0679539443,27.1,30.232077837745617,4.0,11.177,44.71,0.41,2.66595,1.8014208497567996,7.31
0,2.90952722229322,18.6031876854574,1.16,29.93,0.255052417496175,904158.2045111776,26.4,26.283635324457155,5.0,5.74,28.7,0.28,2.06473,2.042556421831462,5.19
1,10.0271723120433,35.9829052814455,1.16,29.93,0.255052417496175,904158.2045111776,26.4,26.283635324457155,5.0,5.74,28.7,0.28,2.06473,2.042556421831462,5.19
2,3.11276012837647,13.8092628134902,1.16,29.93,0.255052417496175,904158.2045111776,26.4,26.283635324457155,5.0,5.74,28.7,0.28,2.06473,2.042556421831462,5.19
3,5.5127205873755,65.1982252933852,1.16,29.93,0.255052417496175,904158.2045111776,26.4,26.283635324457155,5.0,5.74,28.7,0.28,2.06473,2.042556421831462,5.19
0,2.78343102491216,18.1198189288299,0.42,22.17,0.93378368772108,32985575.524266925,18.2,13.93498930122313,146.0,2.896,422.82,2.74,12.64348,1.280336620346421,95.51
1,9.67484935542608,39.8184900794952,0.42,22.17,0.93378368772108,32985575.524266925,18.2,13.93498930122313,146.0,2.896,422.82,2.74,12.64348,1.280336620346421,95.51
2,3.34222649838311,19.4654075478643,0.42,22.17,0.93378368772108,32985575.524266925,18.2,13.93498930122313,146.0,2.896,422.82,2.74,12.64348,1.280336620346421,95.51
3,5.63250636669912,67.2818641593606,0.42,22.17,0.93378368772108,32985575.524266925,18.2,13.93498930122313,146.0,2.896,422.82,2.74,12.64348,1.280336620346421,95.51
0,2.85776688978891,18.4047730775241,1.16,32.28,0.109884101569135,670302.5121144381,30.3,30.34051820329224,4.0,2.954,11.82,0.27,1.9824,2.064175300708058,1.98
1,9.91344006491467,39.1669388262296,1.16,32.28,0.109884101569135,670302.5121144381,30.3,30.34051820329224,4.0,2.954,11.82,0.27,1.9824,2.064175300708058,1.98
2,3.27757462727418,17.8717956371968,1.16,32.28,0.109884101569135,670302.5121144381,30.3,30.34051820329224,4.0,2.954,11.82,0.27,1.9824,2.064175300708058,1.98
3,5.5624137994973,65.5389596236621,1.16,32.28,0.109884101569135,670302.5121144381,30.3,30.34051820329224,4.0,2.954,11.82,0.27,1.9824,2.064175300708058,1.98
0,2.828181473017,18.2913623132318,1.0,30.14,0.229112108711142,1813378.3789789656,27.0,25.455629260875543,5.0,2.713,13.57,0.47,3.2643,1.9490346369757368,4.92
1,9.89591421645459,41.3199899991051,1.0,30.14,0.229112108711142,1813378.3789789656,27.0,25.455629260875543,5.0,2.713,13.57,0.47,3.2643,1.9490346369757368,4.92
2,3.37840827600781,20.3572566279118,1.0,30.14,0.229112108711142,1813378.3789789656,27.0,25.455629260875543,5.0,2.713,13.57,0.47,3.2643,1.9490346369757368,4.92
3,5.60919347523624,66.0475601970286,1.0,30.14,0.229112108711142,1813378.3789789656,27.0,25.455629260875543,5.0,2.713,13.57,0.47,3.2643,1.9490346369757368,4.92
0,2.79726844956064,18.1728623899824,1.19,26.77,0.28386541886056,2404836.2270302656,24.3,25.080517525148704,14.0,3.576,50.06,0.66,4.53391,1.912130134669333,8.6
1,9.91556973907575,43.7614684715618,1.19,26.77,0.28386541886056,2404836.2270302656,24.3,25.080517525148704,14.0,3.576,50.06,0.66,4.53391,1.912130134669333,8.6
2,3.48374012802292,22.9535943837228,1.19,26.77,0.28386541886056,2404836.2270302656,24.3,25.080517525148704,14.0,3.576,50.06,0.66,4.53391,1.912130134669333,8.6
3,5.65828850401487,66.5695991389078,1.19,26.77,0.28386541886056,2404836.2270302656,24.3,25.080517525148704,14.0,3.576,50.06,0.66,4.53391,1.912130134669333,8.6
0,2.79833933349004,18.1769674450452,1.33,32.96,0.147248173240959,946203.443223039,29.5,28.86852196853441,5.0,4.079,20.4,0.33,2.5404,2.138602932526771,3.86
1,9.9763832061035,44.9491694188664,1.33,32.96,0.147248173240959,946203.443223039,29.5,28.86852196853441,5.0,4.079,20.4,0.33,2.5404,2.138602932526771,3.86
2,3.52566344800254,23.9869674463785,1.33,32.96,0.147248173240959,946203.443223039,29.5,28.86852196853441,5.0,4.079,20.4,0.33,2.5404,2.138602932526771,3.86
0,2.81225659497369,18.2303169473991,1.32,33.09,0.10290954024583,811076.9802192114,22.1,25.793422564902883,2.0,2.034,4.07,0.26,2.11118,2.270544724016856,1.65
1,9.94261282878162,43.4544775112038,1.32,33.09,0.10290954024583,811076.9802192114,22.1,25.793422564902883,2.0,2.034,4.07,0.26,2.11118,2.270544724016856,1.65
2,3.46617399581128,22.5206046335939,1.32,33.09,0.10290954024583,811076.9802192114,22.1,25.793422564902883,2.0,2.034,4.07,0.26,2.11118,2.270544724016856,1.65
0,2.80895042144454,18.2176432822041,0.48,28.51,0.612495614103407,13905701.625038715,23.7,16.652996599724723,65.0,3.34,217.1,1.59,8.05063,1.4085426270669728,46.44
1,9.85891315401263,41.8632491901575,0.48,28.51,0.612495614103407,13905701.625038715,23.7,16.652996599724723,65.0,3.34,217.1,1.59,8.05063,1.4085426270669728,46.44
2,3.40834455667987,21.0951596865827,0.48,28.51,0.612495614103407,13905701.625038715,23.7,16.652996599724723,65.0,3.34,217.1,1.59,8.05063,1.4085426270669728,46.44
3,5.4849155747156,63.9749451588392,0.48,28.51,0.612495614103407,13905701.625038715,23.7,16.652996599724723,65.0,3.34,217.1,1.59,8.05063,1.4085426270669728,46.44
0,2.8762243622575,18.4755267219871,1.44,28.08,0.168790080066085,813603.284391825,24.2,22.129721519297377,6.0,6.662,39.97,0.5,3.3680700000000003,1.8802453229409264,5.42
1,9.93696237832701,37.7819945525744,1.44,28.08,0.168790080066085,813603.284391825,24.2,22.129721519297377,6.0,6.662,39.97,0.5,3.3680700000000003,1.8802453229409264,5.42
2,3.20976221498198,16.2002791587663,1.44,28.08,0.168790080066085,813603.284391825,24.2,22.129721519297377,6.0,6.662,39.97,0.5,3.3680700000000003,1.8802453229409264,5.42
3,5.47520853009001,64.2255757366347,1.44,28.08,0.168790080066085,813603.284391825,24.2,22.129721519297377,6.0,6.662,39.97,0.5,3.3680700000000003,1.8802453229409264,5.42
0,2.89316526583949,18.5404668523847,1.54,29.46,0.185210588205006,752242.4298092077,25.5,25.03671814635152,4.0,6.66,26.64,0.4,2.87479,1.984459394187441,5.01
1,9.97579683043708,36.7504367645033,1.54,29.46,0.185210588205006,752242.4298092077,25.5,25.03671814635152,4.0,6.66,26.64,0.4,2.87479,1.984459394187441,5.01
2,3.15588807374665,14.8723288353341,1.54,29.46,0.185210588205006,752242.4298092077,25.5,25.03671814635152,4.0,6.66,26.64,0.4,2.87479,1.984459394187441,5.01
3,5.45180297001298,63.9658665306662,1.54,29.46,0.185210588205006,752242.4298092077,25.5,25.03671814635152,4.0,6.66,26.64,0.4,2.87479,1.984459394187441,5.01
0,2.90803895061296,18.5974826440163,1.19,29.22,0.187359685308252,1222745.51647457,26.8,27.85275428731787,7.0,4.964,34.75,0.45,3.1611100000000003,1.966425043761652,6.07
1,10.0173423036817,35.8727496983689,1.19,29.22,0.187359685308252,1222745.51647457,26.8,27.85275428731787,7.0,4.964,34.75,0.45,3.1611100000000003,1.966425043761652,6.07
2,3.10872517572714,13.7098047701163,1.19,29.22,0.187359685308252,1222745.51647457,26.8,27.85275428731787,7.0,4.964,34.75,0.45,3.1611100000000003,1.966425043761652,6.07
3,5.42341908335161,63.6020033767685,1.19,29.22,0.187359685308252,1222745.51647457,26.8,27.85275428731787,7.0,4.964,34.75,0.45,3.1611100000000003,1.966425043761652,6.07
0,2.92358016065125,18.6570572824965,1.39,31.91,0.104338607017121,785326.3252323336,30.1,30.478459840852008,4.0,5.883,23.53,0.37,2.70125,2.033710209890218,4.62
1,10.0802511049576,35.4910190037014,1.39,31.91,0.104338607017121,785326.3252323336,30.1,30.478459840852008,4.0,5.883,23.53,0.37,2.70125,2.033710209890218,4.62
2,3.08263831925089,13.0667866411843,1.39,31.91,0.104338607017121,785326.3252323336,30.1,30.478459840852008,4.0,5.883,23.53,0.37,2.70125,2.033710209890218,4.62
0,2.94225363422716,18.7286389312041,1.4,30.89,0.118455494800133,788602.9544380992,28.1,30.70170256284099,4.0,5.465,21.86,0.39,2.63594,1.8559104351736744,4.31
1,10.1566752875957,34.8482742013961,1.4,30.89,0.118455494800133,788602.9544380992,28.1,30.70170256284099,4.0,5.465,21.86,0.39,2.63594,1.8559104351736744,4.31
2,3.04260316800388,12.0799552814992,1.4,30.89,0.118455494800133,788602.9544380992,28.1,30.70170256284099,4.0,5.465,21.86,0.39,2.63594,1.8559104351736744,4.31
0,2.96632327297802,18.8209058797491,1.09,29.91,0.160065481271367,1293382.5389798223,24.7,25.79401183156713,3.0,4.113,12.34,0.39,2.77998,1.9735830973402144,5.32
1,10.2674988976265,34.1968764607167,1.09,29.91,0.160065481271367,1293382.5389798223,24.7,25.79401183156713,3.0,4.113,12.34,0.39,2.77998,1.9735830973402144,5.32
2,2.99846729571037,10.9920447451417,1.09,29.91,0.160065481271367,1293382.5389798223,24.7,25.79401183156713,3.0,4.113,12.34,0.39,2.77998,1.9735830973402144,5.32
3,5.4129350151789,63.6941545413659,1.09,29.91,0.160065481271367,1293382.5389798223,24.7,25.79401183156713,3.0,4.113,12.34,0.39,2.77998,1.9735830973402144,5.32
0,3.10350001265854,19.3467500485244,0.81,26.65,0.22675427545333,2442259.992357485,22.9,22.19746910111509,10.0,3.55,35.5,0.49,3.2486,1.837419830991258,8.67
1,11.046833297257,32.9093273135965,0.81,26.65,0.22675427545333,2442259.992357485,22.9,22.19746910111509,10.0,3.55,35.5,0.49,3.2486,1.837419830991258,8.67
2,2.85711031169702,7.507719086567,0.81,26.65,0.22675427545333,2442259.992357485,22.9,22.19746910111509,10.0,3.55,35.5,0.49,3.2486,1.837419830991258,8.67
3,5.36934760858817,63.4042417890003,0.81,26.65,0.22675427545333,2442259.992357485,22.9,22.19746910111509,10.0,3.55,35.5,0.49,3.2486,1.837419830991258,8.67
0,3.05019373813967,19.1424093295354,1.16,28.72,0.143980363116871,1137405.1653953134,24.4,22.861488426871865,3.0,4.123,12.37,0.67,2.43763,1.0056311051981914,4.69
1,10.7242720396489,33.0775715869694,1.16,28.72,0.143980363116871,1137405.1653953134,24.4,22.861488426871865,3.0,4.123,12.37,0.67,2.43763,1.0056311051981914,4.69
2,2.8964016413401,8.47621589619021,1.16,28.72,0.143980363116871,1137405.1653953134,24.4,22.861488426871865,3.0,4.123,12.37,0.67,2.43763,1.0056311051981914,4.69
3,5.39131969612641,63.6424759816563,1.16,28.72,0.143980363116871,1137405.1653953134,24.4,22.861488426871865,3.0,4.123,12.37,0.67,2.43763,1.0056311051981914,4.69
0,2.9866002848124,18.8986344251142,1.4,29.73,0.172355878032503,721685.094392364,26.2,26.82677122939771,9.0,9.215,82.94,1.7,2.20853,0.361350609627946,6.65
1,10.3700471291079,33.8323083763272,1.4,29.73,0.172355878032503,721685.094392364,26.2,26.82677122939771,9.0,9.215,82.94,1.7,2.20853,0.361350609627946,6.65
2,2.96951700060149,10.2784453657034,1.4,29.73,0.172355878032503,721685.094392364,26.2,26.82677122939771,9.0,9.215,82.94,1.7,2.20853,0.361350609627946,6.65
3,5.41625556829554,63.8418385811485,1.4,29.73,0.172355878032503,721685.094392364,26.2,26.82677122939771,9.0,9.215,82.94,1.7,2.20853,0.361350609627946,6.65
0,3.01540336127078,19.0090462182047,0.97,30.54,0.191075010253575,1493091.0303804865,24.0,25.95380513830877,9.0,4.648,41.83,0.28,2.00903,2.022026283093597,6.94
1,10.5249371213475,33.3935273774593,0.97,30.54,0.191075010253575,1493091.0303804865,24.0,25.95380513830877,9.0,4.648,41.83,0.28,2.00903,2.022026283093597,6.94
2,2.93188557273389,9.35086367879142,0.97,30.54,0.191075010253575,1493091.0303804865,24.0,25.95380513830877,9.0,4.648,41.83,0.28,2.00903,2.022026283093597,6.94
3,5.40329239365153,63.7304519709041,0.97,30.54,0.191075010253575,1493091.0303804865,24.0,25.95380513830877,9.0,4.648,41.83,0.28,2.00903,2.022026283093597,6.94
0,3.16065882069586,19.5658588126674,0.82,25.62,0.163262386551154,1497232.584579776,20.6,20.0914915454654,10.0,3.827,38.27,0.45,2.6853200000000004,1.6395802520114109,5.73
1,11.4059836605467,33.0364230793903,0.82,25.62,0.163262386551154,1497232.584579776,20.6,20.0914915454654,10.0,3.827,38.27,0.45,2.6853200000000004,1.6395802520114109,5.73
2,2.82987071204572,6.83628684954791,0.82,25.62,0.163262386551154,1497232.584579776,20.6,20.0914915454654,10.0,3.827,38.27,0.45,2.6853200000000004,1.6395802520114109,5.73
0,3.20553056903356,19.7378671812953,0.92,31.89,0.113521242645571,1066093.5446963129,23.6,29.74348583057315,5.0,3.489,17.44,1.31,2.89933,0.6126939422993309,3.72
1,11.6925599055035,33.2920222625,0.92,31.89,0.113521242645571,1066093.5446963129,23.6,29.74348583057315,5.0,3.489,17.44,1.31,2.89933,0.6126939422993309,3.72
2,2.81605549605689,6.49575389403388,0.92,31.89,0.113521242645571,1066093.5446963129,23.6,29.74348583057315,5.0,3.489,17.44,1.31,2.89933,0.6126939422993309,3.72
0,3.23833322993119,19.8636107147362,1.18,33.31,0.088970833408504,644307.6506545363,31.7,31.43640490585569,1.0,2.297,2.3,0.21,1.66698,2.2398278531274203,1.48
1,11.9037594574773,33.5286914083226,1.18,33.31,0.088970833408504,644307.6506545363,31.7,31.43640490585569,1.0,2.297,2.3,0.21,1.66698,2.2398278531274203,1.48
2,2.80838075848424,6.30657834509406,1.18,33.31,0.088970833408504,644307.6506545363,31.7,31.43640490585569,1.0,2.297,2.3,0.21,1.66698,2.2398278531274203,1.48
3,5.33260796625589,63.062998116425,1.18,33.31,0.088970833408504,644307.6506545363,31.7,31.43640490585569,1.0,2.297,2.3,0.21,1.66698,2.2398278531274203,1.48
0,3.24479139925595,19.8883670304812,1.08,28.41,0.097817596798196,674112.6189906915,28.4,29.22818136220882,4.0,3.175,12.7,0.26,1.86995,1.9673177581591117,2.14
1,11.9459581305986,33.5699510553105,1.08,28.41,0.097817596798196,674112.6189906915,28.4,29.22818136220882,4.0,3.175,12.7,0.26,1.86995,1.9673177581591117,2.14
2,2.80662341782066,6.26326143926369,1.08,28.41,0.097817596798196,674112.6189906915,28.4,29.22818136220882,4.0,3.175,12.7,0.26,1.86995,1.9673177581591117,2.14
3,5.32023541547687,62.8657983547848,1.08,28.41,0.097817596798196,674112.6189906915,28.4,29.22818136220882,4.0,3.175,12.7,0.26,1.86995,1.9673177581591117,2.14
0,2.74215526015263,17.9615951639184,0.58,29.35,1.57004596607489,10965544.204092572,23.9,16.478182297587693,51.0,2.995,152.74,1.7,8.0909,1.325883280517539,32.84
1,9.49151044695553,39.0738591548159,0.58,29.35,1.57004596607489,10965544.204092572,23.9,16.478182297587693,51.0,2.995,152.74,1.7,8.0909,1.325883280517539,32.84
2,3.33450187499637,19.2750023573668,0.58,29.35,1.57004596607489,10965544.204092572,23.9,16.478182297587693,51.0,2.995,152.74,1.7,8.0909,1.325883280517539,32.84
3,5.19285028193788,59.5475357450135,0.58,29.35,1.57004596607489,10965544.204092572,23.9,16.478182297587693,51.0,2.995,152.74,1.7,8.0909,1.325883280517539,32.84
0,2.77614124034556,18.091874754658,0.79,26.81,0.48763872649076,4032729.320860468,18.8,17.138243899750034,16.0,2.983,47.73,1.14,6.19774,1.5154051805688202,12.03
1,9.48702628185259,36.7372262148518,0.79,26.81,0.48763872649076,4032729.320860468,18.8,17.138243899750034,16.0,2.983,47.73,1.14,6.19774,1.5154051805688202,12.03
2,3.2216807383813,16.4940603057145,0.79,26.81,0.48763872649076,4032729.320860468,18.8,17.138243899750034,16.0,2.983,47.73,1.14,6.19774,1.5154051805688202,12.03
3,5.19424405058311,59.6480954432668,0.79,26.81,0.48763872649076,4032729.320860468,18.8,17.138243899750034,16.0,2.983,47.73,1.14,6.19774,1.5154051805688202,12.03
0,2.69587413402532,17.7841841804304,0.58,28.84,1.056863127733613,12871372.371893568,23.0,16.010430372430694,57.0,2.949,168.09,2.02,9.40981,1.293330714482485,37.96
1,9.38761267468657,39.8656895735942,0.58,28.84,1.056863127733613,12871372.371893568,23.0,16.010430372430694,57.0,2.949,168.09,2.02,9.40981,1.293330714482485,37.96
2,3.38830390295245,20.6011751517228,0.58,28.84,1.056863127733613,12871372.371893568,23.0,16.010430372430694,57.0,2.949,168.09,2.02,9.40981,1.293330714482485,37.96
3,5.1177037941199,58.2197607843266,0.58,28.84,1.056863127733613,12871372.371893568,23.0,16.010430372430694,57.0,2.949,168.09,2.02,9.40981,1.293330714482485,37.96
0,2.67153582109105,17.6908873141824,1.41,31.49,0.131657948040297,658146.3306104682,26.5,27.57604145720551,2.0,2.841,5.68,0.41,2.85482,1.9197361077815769,1.87
1,9.08359730938546,36.6849917875562,1.41,31.49,0.131657948040297,658146.3306104682,26.5,27.57604145720551,2.0,2.841,5.68,0.41,2.85482,1.9197361077815769,1.87
2,3.27884745639803,17.903169758583,1.41,31.49,0.131657948040297,658146.3306104682,26.5,27.57604145720551,2.0,2.841,5.68,0.41,2.85482,1.9197361077815769,1.87
0,2.66475140696296,17.664880393358,1.11,31.47,0.274665425373882,2290867.5772056147,29.9,27.69598300805902,10.0,3.754,37.54,0.52,3.73038,1.9874721558493371,8.6
1,9.15259572021456,37.9800825135509,1.11,31.47,0.274665425373882,2290867.5772056147,29.9,27.69598300805902,10.0,3.754,37.54,0.52,3.73038,1.9874721558493371,8.6
2,3.33336757614215,19.247042885609,1.11,31.47,0.274665425373882,2290867.5772056147,29.9,27.69598300805902,10.0,3.754,37.54,0.52,3.73038,1.9874721558493371,8.6
3,5.03806404411741,56.6659664096061,1.11,31.47,0.274665425373882,2290867.5772056147,29.9,27.69598300805902,10.0,3.754,37.54,0.52,3.73038,1.9874721558493371,8.6
0,2.686065286861,17.7465835996338,0.27,25.88,1.645502897025093,74591292.95689382,20.3,10.038114511661917,306.0,2.995,916.47,5.92,20.47876,0.960985178441072,223.42
1,10.0759873003096,50.315202813673,0.27,25.88,1.645502897025093,74591292.95689382,20.3,10.038114511661917,306.0,2.995,916.47,5.92,20.47876,0.960985178441072,223.42
2,3.73141777610483,29.0586311478472,0.27,25.88,1.645502897025093,74591292.95689382,20.3,10.038114511661917,306.0,2.995,916.47,5.92,20.47876,0.960985178441072,223.42
3,5.533576442831,64.3855301858092,0.27,25.88,1.645502897025093,74591292.95689382,20.3,10.038114511661917,306.0,2.995,916.47,5.92,20.47876,0.960985178441072,223.42
0,2.65050631729866,17.6102742163115,0.94,30.12,0.435159127596195,4774561.568367686,25.8,21.89354000101118,21.0,3.165,66.47,1.01,6.28213,1.7209230697234037,15.11
1,9.16634960214164,38.8146391340687,0.94,30.12,0.435159127596195,4774561.568367686,25.8,21.89354000101118,21.0,3.165,66.47,1.01,6.28213,1.7209230697234037,15.11
2,3.37248865923556,20.2113432671221,0.94,30.12,0.435159127596195,4774561.568367686,25.8,21.89354000101118,21.0,3.165,66.47,1.01,6.28213,1.7209230697234037,15.11
3,5.033729631429,56.5910252961159,0.94,30.12,0.435159127596195,4774561.568367686,25.8,21.89354000101118,21.0,3.165,66.47,1.01,6.28213,1.7209230697234037,15.11
0,2.61775197513272,17.4847159046754,0.38,26.28,1.192409819858786,34792062.27392982,20.1,10.752033398851562,166.0,2.963,491.86,3.86,15.79405,1.1367667773786985,103.09
1,9.34636354089488,42.3720182195512,0.38,26.28,1.192409819858786,34792062.27392982,20.1,10.752033398851562,166.0,2.963,491.86,3.86,15.79405,1.1367667773786985,103.09
2,3.51267256560393,23.6667535907636,0.38,26.28,1.192409819858786,34792062.27392982,20.1,10.752033398851562,166.0,2.963,491.86,3.86,15.79405,1.1367667773786985,103.09
3,5.07779129269115,57.9384007630396,0.38,26.28,1.192409819858786,34792062.27392982,20.1,10.752033398851562,166.0,2.963,491.86,3.86,15.79405,1.1367667773786985,103.09
0,2.58282067287059,17.3508125793373,0.61,30.31,0.419246804201308,9793271.805463657,27.1,17.53851514394934,48.0,3.674,176.35,1.12,6.25281,1.5486189589287689,35.98
1,9.03311358481929,39.7711931715031,0.61,30.31,0.419246804201308,9793271.805463657,27.1,17.53851514394934,48.0,3.674,176.35,1.12,6.25281,1.5486189589287689,35.98
2,3.44131923966736,21.9079566970639,0.61,30.31,0.419246804201308,9793271.805463657,27.1,17.53851514394934,48.0,3.674,176.35,1.12,6.25281,1.5486189589287689,35.98
3,5.01437367214598,56.7723291092611,0.61,30.31,0.419246804201308,9793271.805463657,27.1,17.53851514394934,48.0,3.674,176.35,1.12,6.25281,1.5486189589287689,35.98
0,2.60892362311859,17.4508738886212,0.35,26.54,0.977187104843826,27945124.046827048,20.7,12.660977008971573,106.0,2.676,283.66,2.66,10.99544,1.146987770998866,74.79
1,9.95356343827091,50.0826396840608,0.35,26.54,0.977187104843826,27945124.046827048,20.7,12.660977008971573,106.0,2.676,283.66,2.66,10.99544,1.146987770998866,74.79
2,3.74276909680523,29.3384312458132,0.35,26.54,0.977187104843826,27945124.046827048,20.7,12.660977008971573,106.0,2.676,283.66,2.66,10.99544,1.146987770998866,74.79
3,5.40175235056193,64.8459895305981,0.35,26.54,0.977187104843826,27945124.046827048,20.7,12.660977008971573,106.0,2.676,283.66,2.66,10.99544,1.146987770998866,74.79
0,2.60842315083324,17.4489554115274,0.94,24.82,0.393371137903145,1690111.1701162595,20.7,20.71960654024281,8.0,3.248,25.98,0.57,3.52587,1.7274209185953229,5.49
1,10.1702071224416,52.7392170824356,0.94,24.82,0.393371137903145,1690111.1701162595,20.7,20.71960654024281,8.0,3.248,25.98,0.57,3.52587,1.7274209185953229,5.49
2,3.81062646178204,31.0110557684872,0.94,24.82,0.393371137903145,1690111.1701162595,20.7,20.71960654024281,8.0,3.248,25.98,0.57,3.52587,1.7274209185953229,5.49
3,5.60303102178168,68.3552092320044,0.94,24.82,0.393371137903145,1690111.1701162595,20.7,20.71960654024281,8.0,3.248,25.98,0.57,3.52587,1.7274209185953229,5.49
0,2.61954908393858,17.4916048217646,0.79,29.35,0.658713232154471,6784743.631585275,25.7,18.29222715808345,32.0,3.465,110.88,1.27,7.34444,1.610591313699835,23.51
1,10.2554357169364,53.6776293217587,0.79,29.35,0.658713232154471,6784743.631585275,25.7,18.29222715808345,32.0,3.465,110.88,1.27,7.34444,1.610591313699835,23.51
2,3.83204446979431,31.5389908782633,0.79,29.35,0.658713232154471,6784743.631585275,25.7,18.29222715808345,32.0,3.465,110.88,1.27,7.34444,1.610591313699835,23.51
3,5.65731520446594,67.8448522512381,0.79,29.35,0.658713232154471,6784743.631585275,25.7,18.29222715808345,32.0,3.465,110.88,1.27,7.34444,1.610591313699835,23.51
0,2.6353829743035,17.5523014014967,0.73,31.92,0.931533845661884,9341233.09810974,26.7,19.587633917197536,41.0,2.962,121.44,1.5,8.356770000000001,1.5463142948799975,27.67
1,10.3214114070623,54.3728558170082,0.73,31.92,0.931533845661884,9341233.09810974,26.7,19.587633917197536,41.0,2.962,121.44,1.5,8.356770000000001,1.5463142948799975,27.67
2,3.84709231147545,31.9099069758423,0.73,31.92,0.931533845661884,9341233.09810974,26.7,19.587633917197536,41.0,2.962,121.44,1.5,8.356770000000001,1.5463142948799975,27.67
3,5.69751720706301,67.0579028635279,0.73,31.92,0.931533845661884,9341233.09810974,26.7,19.587633917197536,41.0,2.962,121.44,1.5,8.356770000000001,1.5463142948799975,27.67
0,2.6442496716301,17.5862904079154,0.96,32.1,0.301631940589344,4598086.405706612,29.1,26.931164870356803,23.0,4.45,102.35,0.99,6.08884,1.7113690791552885,20.46
1,10.4391392390527,55.8462639893945,0.96,32.1,0.301631940589344,4598086.405706612,29.1,26.931164870356803,23.0,4.45,102.35,0.99,6.08884,1.7113690791552885,20.46
2,3.8818140527709,32.7657674411073,0.96,32.1,0.301631940589344,4598086.405706612,29.1,26.931164870356803,23.0,4.45,102.35,0.99,6.08884,1.7113690791552885,20.46
3,5.78378581559402,67.0690259192835,0.96,32.1,0.301631940589344,4598086.405706612,29.1,26.931164870356803,23.0,4.45,102.35,0.99,6.08884,1.7113690791552885,20.46
0,2.64457693968939,17.587544935476,1.14,31.58,0.136896221432563,1312242.5936410753,29.5,27.969361963770357,6.0,4.885,29.31,0.33,2.40806,2.008242868071307,6.41
1,10.5117655054826,56.8016733918089,1.14,31.58,0.136896221432563,1312242.5936410753,29.5,27.969361963770357,6.0,4.885,29.31,0.33,2.40806,2.008242868071307,6.41
2,3.90431134272998,33.3203059041337,1.14,31.58,0.136896221432563,1312242.5936410753,29.5,27.969361963770357,6.0,4.885,29.31,0.33,2.40806,2.008242868071307,6.41
3,5.83364182631122,67.0370224115179,1.14,31.58,0.136896221432563,1312242.5936410753,29.5,27.969361963770357,6.0,4.885,29.31,0.33,2.40806,2.008242868071307,6.41
0,2.66092305085568,17.6502050282801,1.03,28.97,0.334443241953167,3675418.585510034,26.5,25.133404717568038,17.0,4.598,78.17,0.77,5.13727,1.858271514070172,16.9
1,10.5227121199063,56.8930848832623,1.03,28.97,0.334443241953167,3675418.585510034,26.5,25.133404717568038,17.0,4.598,78.17,0.77,5.13727,1.858271514070172,16.9
2,3.90576073267599,33.3560320949081,1.03,28.97,0.334443241953167,3675418.585510034,26.5,25.133404717568038,17.0,4.598,78.17,0.77,5.13727,1.858271514070172,16.9
3,5.83997581772324,66.6911154895082,1.03,28.97,0.334443241953167,3675418.585510034,26.5,25.133404717568038,17.0,4.598,78.17,0.77,5.13727,1.858271514070172,16.9
0,2.7535640784952,18.0053289675649,0.84,28.47,0.315610518181668,4473216.580204316,26.4,23.461747139563904,20.0,3.134,62.68,0.79,5.13479,1.7957613563897386,14.02
1,10.0392589347777,47.9921308682671,0.84,28.47,0.315610518181668,4473216.580204316,26.4,23.461747139563904,20.0,3.134,62.68,0.79,5.13479,1.7957613563897386,14.02
2,3.64336302200381,26.8881587002692,0.84,28.47,0.315610518181668,4473216.580204316,26.4,23.461747139563904,20.0,3.134,62.68,0.79,5.13479,1.7957613563897386,14.02
3,5.72736727797552,67.1157685297442,0.84,28.47,0.315610518181668,4473216.580204316,26.4,23.461747139563904,20.0,3.134,62.68,0.79,5.13479,1.7957613563897386,14.02
0,2.77983595665976,18.1060378338624,1.13,27.14,0.276672264365273,2371067.7702263305,22.8,23.205880757783188,6.0,2.661,15.97,0.66,4.457140000000001,1.8836333769781224,6.31
1,10.0190395864931,46.6510053649767,1.13,27.14,0.276672264365273,2371067.7702263305,22.8,23.205880757783188,6.0,2.661,15.97,0.66,4.457140000000001,1.8836333769781224,6.31
2,3.59098656397348,25.5971249540832,1.13,27.14,0.276672264365273,2371067.7702263305,22.8,23.205880757783188,6.0,2.661,15.97,0.66,4.457140000000001,1.8836333769781224,6.31
3,5.62257210414431,65.4652571825978,1.13,27.14,0.276672264365273,2371067.7702263305,22.8,23.205880757783188,6.0,2.661,15.97,0.66,4.457140000000001,1.8836333769781224,6.31
0,2.72777530723318,17.9064720110605,0.61,26.48,0.485284083594083,8350489.624037972,24.7,17.86469736574542,37.0,2.714,100.42,1.43,7.47963,1.45449443067267,22.66
1,10.1461052280404,50.5037621484519,0.61,26.48,0.485284083594083,8350489.624037972,24.7,17.86469736574542,37.0,2.714,100.42,1.43,7.47963,1.45449443067267,22.66
2,3.72723266557943,28.9554718445456,0.61,26.48,0.485284083594083,8350489.624037972,24.7,17.86469736574542,37.0,2.714,100.42,1.43,7.47963,1.45449443067267,22.66
3,5.76629602879561,67.3628346599789,0.61,26.48,0.485284083594083,8350489.624037972,24.7,17.86469736574542,37.0,2.714,100.42,1.43,7.47963,1.45449443067267,22.66
0,2.70032011465291,17.8012271061695,1.14,29.71,0.310222855011719,2009832.40301054,26.4,25.48740780588656,10.0,3.577,35.77,0.5,3.64457,2.022124915456893,7.19
1,10.5131486892728,56.6003730185276,1.14,29.71,0.310222855011719,2009832.40301054,26.4,25.48740780588656,10.0,3.577,35.77,0.5,3.64457,2.022124915456893,7.19
2,3.89678868394126,33.1348789638154,1.14,29.71,0.310222855011719,2009832.40301054,26.4,25.48740780588656,10.0,3.577,35.77,0.5,3.64457,2.022124915456893,7.19
3,5.85015961351968,66.5584070186753,1.14,29.71,0.310222855011719,2009832.40301054,26.4,25.48740780588656,10.0,3.577,35.77,0.5,3.64457,2.022124915456893,7.19
0,2.69086692227672,17.7649898687274,1.41,28.38,0.234904904441821,1375184.091421741,26.7,25.462002385118623,6.0,3.418,20.51,0.47,3.36691,1.9870097889610396,4.7
1,10.5535480118097,57.2363775350572,1.41,28.38,0.234904904441821,1375184.091421741,26.7,25.462002385118623,6.0,3.418,20.51,0.47,3.36691,1.9870097889610396,4.7
2,3.91290518626514,33.5321366088162,1.41,28.38,0.234904904441821,1375184.091421741,26.7,25.462002385118623,6.0,3.418,20.51,0.47,3.36691,1.9870097889610396,4.7
3,5.8663401557388,66.5172829353146,1.41,28.38,0.234904904441821,1375184.091421741,26.7,25.462002385118623,6.0,3.418,20.51,0.47,3.36691,1.9870097889610396,4.7
0,2.59633260299698,17.4026083114884,0.36,25.2,1.156744337949754,59649212.900159925,18.6,12.935976692143411,258.0,2.947,760.33,4.19,17.865740000000002,1.18349234917921,175.79
1,10.2642125174564,53.9923793547523,0.36,25.2,1.156744337949754,59649212.900159925,18.6,12.935976692143411,258.0,2.947,760.33,4.19,17.865740000000002,1.18349234917921,175.79
2,3.84248220091259,31.7962717944242,0.36,25.2,1.156744337949754,59649212.900159925,18.6,12.935976692143411,258.0,2.947,760.33,4.19,17.865740000000002,1.18349234917921,175.79
3,5.85758843110191,78.764756700256,0.36,25.2,1.156744337949754,59649212.900159925,18.6,12.935976692143411,258.0,2.947,760.33,4.19,17.865740000000002,1.18349234917921,175.79
0,2.59752689206391,17.4071864195783,0.51,24.96,2.486706184760112,19996784.81726236,19.3,13.104908672601123,79.0,2.805,221.6,2.43,11.63383,1.3323397611613916,56.09
1,10.3121728304498,54.5563391022666,0.51,24.96,2.486706184760112,19996784.81726236,19.3,13.104908672601123,79.0,2.805,221.6,2.43,11.63383,1.3323397611613916,56.09
2,3.85554764486469,32.118323526928,0.51,24.96,2.486706184760112,19996784.81726236,19.3,13.104908672601123,79.0,2.805,221.6,2.43,11.63383,1.3323397611613916,56.09
3,5.82853797441548,76.6963034329099,0.51,24.96,2.486706184760112,19996784.81726236,19.3,13.104908672601123,79.0,2.805,221.6,2.43,11.63383,1.3323397611613916,56.09
0,2.60329946008342,17.4293145969864,1.0,25.0,0.160762779291422,810660.2634165157,20.8,21.00378353163841,2.0,2.393,4.79,0.42,2.6051,1.708042913767751,1.94
1,10.138347352384,52.4099312076783,1.0,25.0,0.160762779291422,810660.2634165157,20.8,21.00378353163841,2.0,2.393,4.79,0.42,2.6051,1.708042913767751,1.94
2,3.80331633169396,30.8308674742107,1.0,25.0,0.160762779291422,810660.2634165157,20.8,21.00378353163841,2.0,2.393,4.79,0.42,2.6051,1.708042913767751,1.94
3,5.5877099771896,68.8023006272884,1.0,25.0,0.160762779291422,810660.2634165157,20.8,21.00378353163841,2.0,2.393,4.79,0.42,2.6051,1.708042913767751,1.94
0,2.62562887701451,17.5149106952223,0.86,24.83,0.439039296203058,3577020.8628656827,19.7,18.095568460732764,18.0,3.344,60.19,1.04,5.56516,1.480907040818458,11.96
1,10.5249545915774,57.030317977642,0.86,24.83,0.439039296203058,3577020.8628656827,19.7,18.095568460732764,18.0,3.344,60.19,1.04,5.56516,1.480907040818458,11.96
2,3.91033246606574,33.4687213126731,0.86,24.83,0.439039296203058,3577020.8628656827,19.7,18.095568460732764,18.0,3.344,60.19,1.04,5.56516,1.480907040818458,11.96
3,5.85789123641358,68.096309238486,0.86,24.83,0.439039296203058,3577020.8628656827,19.7,18.095568460732764,18.0,3.344,60.19,1.04,5.56516,1.480907040818458,11.96
0,2.6283740909071,17.5254340151439,0.79,27.59,0.368364682743144,1748213.3440686194,21.9,20.836566126978735,8.0,3.135,25.08,0.54,3.32355,1.694620607469659,5.48
1,10.525283756163,57.0268843768375,0.79,27.59,0.368364682743144,1748213.3440686194,21.9,20.836566126978735,8.0,3.135,25.08,0.54,3.32355,1.694620607469659,5.48
2,3.91015287003035,33.4642944279411,0.79,27.59,0.368364682743144,1748213.3440686194,21.9,20.836566126978735,8.0,3.135,25.08,0.54,3.32355,1.694620607469659,5.48
3,5.85262741656222,67.7978966424287,0.79,27.59,0.368364682743144,1748213.3440686194,21.9,20.836566126978735,8.0,3.135,25.08,0.54,3.32355,1.694620607469659,5.48
0,2.640668474783,17.5725624866682,0.44,28.02,0.671419524040567,14973125.172516868,22.2,15.314062332176276,64.0,2.889,184.9,1.64,7.86219,1.3286556764076154,43.26
1,8.58662649259729,31.6567519159352,0.44,28.02,0.671419524040567,14973125.172516868,22.2,15.314062332176276,64.0,2.889,184.9,1.64,7.86219,1.3286556764076154,43.26
2,3.08208391924538,13.0531211673642,0.44,28.02,0.671419524040567,14973125.172516868,22.2,15.314062332176276,64.0,2.889,184.9,1.64,7.86219,1.3286556764076154,43.26
3,5.05895109742167,57.2816566218036,0.44,28.02,0.671419524040567,14973125.172516868,22.2,15.314062332176276,64.0,2.889,184.9,1.64,7.86219,1.3286556764076154,43.26
0,2.56396552355407,17.2785345069573,0.43,28.05,0.568851440629808,15988842.29717158,24.5,16.24838925206535,69.0,3.044,210.04,2.51,10.2468,1.13460247930611,48.67
1,8.46238274870752,33.9715181030723,0.43,28.05,0.568851440629808,15988842.29717158,24.5,16.24838925206535,69.0,3.044,210.04,2.51,10.2468,1.13460247930611,48.67
2,3.23243117828783,16.7590492192001,0.43,28.05,0.568851440629808,15988842.29717158,24.5,16.24838925206535,69.0,3.044,210.04,2.51,10.2468,1.13460247930611,48.67
3,5.00853501578507,56.0771267702132,0.43,28.05,0.568851440629808,15988842.29717158,24.5,16.24838925206535,69.0,3.044,210.04,2.51,10.2468,1.13460247930611,48.67
0,2.53685127146202,17.1745965406044,0.75,24.59,0.557219496696428,7525455.768455028,18.5,17.663161130858693,36.0,2.899,104.36,1.37,7.5943,1.538365117277219,21.82
1,8.44664540251976,34.9039252137563,0.75,24.59,0.557219496696428,7525455.768455028,18.5,17.663161130858693,36.0,2.899,104.36,1.37,7.5943,1.538365117277219,21.82
2,3.28687035990344,18.1009272923567,0.75,24.59,0.557219496696428,7525455.768455028,18.5,17.663161130858693,36.0,2.899,104.36,1.37,7.5943,1.538365117277219,21.82
3,5.00853368155368,56.3632895355026,0.75,24.59,0.557219496696428,7525455.768455028,18.5,17.663161130858693,36.0,2.899,104.36,1.37,7.5943,1.538365117277219,21.82
0,2.60130953559538,17.4216865531156,0.91,33.21,0.177838398262427,2093998.532654086,30.6,28.61204448271848,10.0,2.837,28.37,0.42,3.06275,2.003825941422844,5.94
1,8.65330929691072,34.5301686240507,0.91,33.21,0.177838398262427,2093998.532654086,30.6,28.61204448271848,10.0,2.837,28.37,0.42,3.06275,2.003825941422844,5.94
2,3.23257549125216,16.7626064071806,0.91,33.21,0.177838398262427,2093998.532654086,30.6,28.61204448271848,10.0,2.837,28.37,0.42,3.06275,2.003825941422844,5.94
3,5.00444987260694,55.9100707194077,0.91,33.21,0.177838398262427,2093998.532654086,30.6,28.61204448271848,10.0,2.837,28.37,0.42,3.06275,2.003825941422844,5.94
0,2.62515546273171,17.5130959404716,0.95,32.58,0.562362172343126,1794946.57740922,26.3,23.17166575884583,8.0,3.298,26.38,0.47,3.22444,1.889111778048268,5.92
1,8.75581247009763,34.6594998943253,0.95,32.58,0.562362172343126,1794946.57740922,26.3,23.17166575884583,8.0,3.298,26.38,0.47,3.22444,1.889111778048268,5.92
2,3.22345522493626,16.5377998427272,0.95,32.58,0.562362172343126,1794946.57740922,26.3,23.17166575884583,8.0,3.298,26.38,0.47,3.22444,1.889111778048268,5.92
3,5.00914912944162,56.0255545252734,0.95,32.58,0.562362172343126,1794946.57740922,26.3,23.17166575884583,8.0,3.298,26.38,0.47,3.22444,1.889111778048268,5.92
0,2.61617752768036,17.4786805227747,0.97,32.35,0.294875017525071,2745501.7702981583,28.0,25.48798760544735,12.0,3.387,40.64,0.59,4.06307,1.9235061286478217,9.3
1,8.63047223024899,33.5347037654828,0.97,32.35,0.294875017525071,2745501.7702981583,28.0,25.48798760544735,12.0,3.387,40.64,0.59,4.06307,1.9235061286478217,9.3
2,3.18138907436082,15.5009061311745,0.97,32.35,0.294875017525071,2745501.7702981583,28.0,25.48798760544735,12.0,3.387,40.64,0.59,4.06307,1.9235061286478217,9.3
3,5.01714882172817,56.2460043484442,0.97,32.35,0.294875017525071,2745501.7702981583,28.0,25.48798760544735,12.0,3.387,40.64,0.59,4.06307,1.9235061286478217,9.3
0,2.64274612078104,17.5805267963273,0.55,24.71,0.385893531297968,5931289.20200245,19.6,16.69484405150097,25.0,3.313,82.83,1.06,5.63765,1.47639409356913,19.65
1,10.5633376124684,57.4849000414064,0.55,24.71,0.385893531297968,5931289.20200245,19.6,16.69484405150097,25.0,3.313,82.83,1.06,5.63765,1.47639409356913,19.65
2,3.92015991297375,33.710959258388,0.55,24.71,0.385893531297968,5931289.20200245,19.6,16.69484405150097,25.0,3.313,82.83,1.06,5.63765,1.47639409356913,19.65
3,5.87814153281418,67.120235624778,0.55,24.71,0.385893531297968,5931289.20200245,19.6,16.69484405150097,25.0,3.313,82.83,1.06,5.63765,1.47639409356913,19.65
0,2.64104519675548,17.5740065875627,1.22,31.95,0.220700080821834,1675031.8690934218,23.9,23.105413119102245,4.0,3.104,12.42,0.57,3.94005,1.9179294196210503,5.2
1,8.74759550037792,33.7402365492022,1.22,31.95,0.220700080821834,1675031.8690934218,23.9,23.105413119102245,4.0,3.104,12.42,0.57,3.94005,1.9179294196210503,5.2
2,3.17475250435935,15.337320502191,1.22,31.95,0.220700080821834,1675031.8690934218,23.9,23.105413119102245,4.0,3.104,12.42,0.57,3.94005,1.9179294196210503,5.2
3,5.02511185502589,56.4239844933576,1.22,31.95,0.220700080821834,1675031.8690934218,23.9,23.105413119102245,4.0,3.104,12.42,0.57,3.94005,1.9179294196210503,5.2
0,2.65565148045991,17.629997341763,1.12,33.89,0.295225435896603,1747794.648305062,28.3,26.738754045620084,8.0,2.741,21.93,0.47,3.18524,1.8743961575404195,4.79
1,8.7910559701885,33.5174402430273,1.12,33.89,0.295225435896603,1747794.648305062,28.3,26.738754045620084,8.0,2.741,21.93,0.47,3.18524,1.8743961575404195,4.79
2,3.15600876391714,14.875303742168,1.12,33.89,0.295225435896603,1747794.648305062,28.3,26.738754045620084,8.0,2.741,21.93,0.47,3.18524,1.8743961575404195,4.79
3,5.03601831386447,56.6780226690264,1.12,33.89,0.295225435896603,1747794.648305062,28.3,26.738754045620084,8.0,2.741,21.93,0.47,3.18524,1.8743961575404195,4.79
0,2.54173390836973,17.1933133154173,0.99,27.36,0.334349256288544,3325444.9758714205,25.2,22.16336675487588,20.0,3.163,63.26,0.85,5.40864,1.7600005040538225,10.52
1,8.56360305195508,35.9798694533928,0.99,27.36,0.334349256288544,3325444.9758714205,25.2,22.16336675487588,20.0,3.163,63.26,0.85,5.40864,1.7600005040538225,10.52
2,3.32581215887638,19.0608084775668,0.99,27.36,0.334349256288544,3325444.9758714205,25.2,22.16336675487588,20.0,3.163,63.26,0.85,5.40864,1.7600005040538225,10.52
3,5.00321165809192,56.3883488603302,0.99,27.36,0.334349256288544,3325444.9758714205,25.2,22.16336675487588,20.0,3.163,63.26,0.85,5.40864,1.7600005040538225,10.52
0,2.55299524211166,17.236481761428,1.23,28.4,0.241977699659577,1631239.422580392,25.8,23.54565107103916,7.0,3.329,23.3,0.64,4.26274,1.840354419460716,5.43
1,8.61589222551729,36.1266861330727,1.23,28.4,0.241977699659577,1631239.422580392,25.8,23.54565107103916,7.0,3.329,23.3,0.64,4.26274,1.840354419460716,5.43
2,3.3248875896363,19.0380186568246,1.23,28.4,0.241977699659577,1631239.422580392,25.8,23.54565107103916,7.0,3.329,23.3,0.64,4.26274,1.840354419460716,5.43
3,5.00621902273177,56.2511506147856,1.23,28.4,0.241977699659577,1631239.422580392,25.8,23.54565107103916,7.0,3.329,23.3,0.64,4.26274,1.840354419460716,5.43
0,2.54038871422896,17.1881567378777,1.12,30.6,0.229161114377402,2140465.610310649,27.5,25.637716300391062,6.0,4.406,26.44,0.61,4.05745,1.859405003067051,9.43
1,8.59511642762918,36.3705097191173,1.12,30.6,0.229161114377402,2140465.610310649,27.5,25.637716300391062,6.0,4.406,26.44,0.61,4.05745,1.859405003067051,9.43
2,3.34140691231995,19.4452054703425,1.12,30.6,0.229161114377402,2140465.610310649,27.5,25.637716300391062,6.0,4.406,26.44,0.61,4.05745,1.859405003067051,9.43
3,4.99769396455723,56.4352453635597,1.12,30.6,0.229161114377402,2140465.610310649,27.5,25.637716300391062,6.0,4.406,26.44,0.61,4.05745,1.859405003067051,9.43
0,2.54483134483202,17.2051868218561,1.25,33.91,0.132683392207517,806323.608662409,28.4,26.844724505457386,2.0,6.164,12.33,0.36,2.24892,1.7365076968559956,4.97
1,8.66865158839307,37.0071121663681,1.25,33.91,0.132683392207517,806323.608662409,28.4,26.844724505457386,2.0,6.164,12.33,0.36,2.24892,1.7365076968559956,4.97
2,3.36263250138314,19.9683976218125,1.25,33.91,0.132683392207517,806323.608662409,28.4,26.844724505457386,2.0,6.164,12.33,0.36,2.24892,1.7365076968559956,4.97
3,4.99253695102021,56.439351132843,1.25,33.91,0.132683392207517,806323.608662409,28.4,26.844724505457386,2.0,6.164,12.33,0.36,2.24892,1.7365076968559956,4.97
0,2.60116187781525,17.4211205316251,0.94,26.78,0.385398925719565,3415620.2371721203,23.3,20.853388611074127,13.0,3.844,49.97,0.83,5.24553,1.7591503137337436,13.13
1,10.3225665002272,54.6548223540079,0.94,26.78,0.385398925719565,3415620.2371721203,23.3,20.853388611074127,13.0,3.844,49.97,0.83,5.24553,1.7591503137337436,13.13
2,3.85746646871896,32.1656208517567,0.94,26.78,0.385398925719565,3415620.2371721203,23.3,20.853388611074127,13.0,3.844,49.97,0.83,5.24553,1.7591503137337436,13.13
3,5.79294612188879,73.7855485689319,0.94,26.78,0.385398925719565,3415620.2371721203,23.3,20.853388611074127,13.0,3.844,49.97,0.83,5.24553,1.7591503137337436,13.13
0,2.61959869122756,17.491794983039,0.76,24.43,0.292460631270303,2451715.487436679,18.4,18.47364970834997,11.0,3.32,36.52,0.68,4.0439,1.6447632803763104,8.14
1,10.4684525047759,56.3403151823783,0.76,24.43,0.292460631270303,2451715.487436679,18.4,18.47364970834997,11.0,3.32,36.52,0.68,4.0439,1.6447632803763104,8.14
2,3.89490768079493,33.0885138862609,0.76,24.43,0.292460631270303,2451715.487436679,18.4,18.47364970834997,11.0,3.32,36.52,0.68,4.0439,1.6447632803763104,8.14
3,5.82944224801138,69.0433527943811,0.76,24.43,0.292460631270303,2451715.487436679,18.4,18.47364970834997,11.0,3.32,36.52,0.68,4.0439,1.6447632803763104,8.14
0,2.67382166043615,17.6996496983386,1.1,29.86,0.213799669914053,2752806.4469426125,27.5,25.341722889878344,14.0,4.007,56.1,0.68,4.651,1.907929217075497,11.03
1,10.5844586296079,57.7181815240679,1.1,29.86,0.213799669914053,2752806.4469426125,27.5,25.341722889878344,14.0,4.007,56.1,0.68,4.651,1.907929217075497,11.03
2,3.92492031859173,33.8282990810769,1.1,29.86,0.213799669914053,2752806.4469426125,27.5,25.341722889878344,14.0,4.007,56.1,0.68,4.651,1.907929217075497,11.03
0,2.66828958517972,17.6784434098556,1.29,30.32,0.250702878931522,2246902.312063363,28.6,26.327962313682416,11.0,4.878,53.66,0.73,4.96278,1.8985722229278383,10.96
1,10.5663639330732,57.474876029903,1.29,30.32,0.250702878931522,2246902.312063363,28.6,26.327962313682416,11.0,4.878,53.66,0.73,4.96278,1.8985722229278383,10.96
2,3.91928859964449,33.6894821491318,1.29,30.32,0.250702878931522,2246902.312063363,28.6,26.327962313682416,11.0,4.878,53.66,0.73,4.96278,1.8985722229278383,10.96
3,5.86714304208415,66.549940919667,1.29,30.32,0.250702878931522,2246902.312063363,28.6,26.327962313682416,11.0,4.878,53.66,0.73,4.96278,1.8985722229278383,10.96
0,2.59336373027347,17.391227632715,0.67,23.4,0.188918207541507,1329862.153653784,19.7,18.183636426512127,5.0,3.218,16.09,0.5,2.822,1.5775925389561902,4.28
1,10.1288534760496,52.4099353934573,0.67,23.4,0.188918207541507,1329862.153653784,19.7,18.183636426512127,5.0,3.218,16.09,0.5,2.822,1.5775925389561902,4.28
2,3.80493727685598,30.8708223505728,0.67,23.4,0.188918207541507,1329862.153653784,19.7,18.183636426512127,5.0,3.218,16.09,0.5,2.822,1.5775925389561902,4.28
3,5.63101764978304,71.6868373170756,0.67,23.4,0.188918207541507,1329862.153653784,19.7,18.183636426512127,5.0,3.218,16.09,0.5,2.822,1.5775925389561902,4.28
0,2.58870228073172,17.3733587428049,0.67,23.37,0.389995348575781,1331892.7105294317,19.0,18.0620927528011,5.0,3.364,16.82,0.53,2.86098,1.491319520032562,4.48
1,10.061386090687,51.6680606674844,0.67,23.37,0.389995348575781,1331892.7105294317,19.0,18.0620927528011,5.0,3.364,16.82,0.53,2.86098,1.491319520032562,4.48
2,3.78748512223427,30.4406420480552,0.67,23.37,0.389995348575781,1331892.7105294317,19.0,18.0620927528011,5.0,3.364,16.82,0.53,2.86098,1.491319520032562,4.48
0,2.58494291995633,17.3589478598326,0.88,21.79,0.394896957806612,1452979.9758041396,16.0,16.20273484653442,7.0,3.427,23.99,0.66,3.77599,1.596815545115046,4.98
1,10.0207101630401,51.2395160476295,0.88,21.79,0.394896957806612,1452979.9758041396,16.0,16.20273484653442,7.0,3.427,23.99,0.66,3.77599,1.596815545115046,4.98
2,3.77753451500407,30.1953683084336,0.88,21.79,0.394896957806612,1452979.9758041396,16.0,16.20273484653442,7.0,3.427,23.99,0.66,3.77599,1.596815545115046,4.98
0,2.58183748780207,17.3470437032413,0.82,25.3,0.266937396132589,1838904.1400748373,20.9,19.096877819997577,7.0,5.008,35.06,0.63,3.7322,1.649034835600464,9.21
1,9.97719962461863,50.7747527790244,0.82,25.3,0.266937396132589,1838904.1400748373,20.9,19.096877819997577,7.0,5.008,35.06,0.63,3.7322,1.649034835600464,9.21
2,3.76650377965319,29.9234703581181,0.82,25.3,0.266937396132589,1838904.1400748373,20.9,19.096877819997577,7.0,5.008,35.06,0.63,3.7322,1.649034835600464,9.21
0,2.59859256402441,17.4112714954269,0.71,25.76,0.124177560057229,532973.7031255179,15.2,14.659176933907922,2.0,2.383,4.77,0.24,1.45988,1.670620358043462,1.27
1,10.1880965157246,53.0605786753175,0.71,25.76,0.124177560057229,532973.7031255179,15.2,14.659176933907922,2.0,2.383,4.77,0.24,1.45988,1.670620358043462,1.27
2,3.81994707341336,31.240800669224,0.71,25.76,0.124177560057229,532973.7031255179,15.2,14.659176933907922,2.0,2.383,4.77,0.24,1.45988,1.670620358043462,1.27
3,5.66312174375117,71.2575132241253,0.71,25.76,0.124177560057229,532973.7031255179,15.2,14.659176933907922,2.0,2.383,4.77,0.24,1.45988,1.670620358043462,1.27
0,2.59651449538486,17.403305565642,0.96,32.42,0.190009636184477,2890774.919138768,29.4,28.15793280430856,18.0,4.279,77.02,0.45,3.42613,2.102446998585185,12.37
1,10.2720100389117,54.0839949465929,0.96,32.42,0.190009636184477,2890774.919138768,29.4,28.15793280430856,18.0,4.279,77.02,0.45,3.42613,2.102446998585185,12.37
2,3.84461630365426,31.8488755549865,0.96,32.42,0.190009636184477,2890774.919138768,29.4,28.15793280430856,18.0,4.279,77.02,0.45,3.42613,2.102446998585185,12.37
3,5.77866470979702,75.1433322530836,0.96,32.42,0.190009636184477,2890774.919138768,29.4,28.15793280430856,18.0,4.279,77.02,0.45,3.42613,2.102446998585185,12.37
0,2.6379668802226,17.5622063741866,0.68,22.0,0.400859661020706,1627530.796866892,14.0,14.274825836068466,8.0,4.049,32.39,0.53,2.77061,1.4578528229603165,6.59
1,10.5848312889968,57.7731562113388,0.68,22.0,0.400859661020706,1627530.796866892,14.0,14.274825836068466,8.0,4.049,32.39,0.53,2.77061,1.4578528229603165,6.59
2,3.92681763107708,33.8750661695315,0.68,22.0,0.400859661020706,1627530.796866892,14.0,14.274825836068466,8.0,4.049,32.39,0.53,2.77061,1.4578528229603165,6.59
3,5.88094111680361,66.8784230448137,0.68,22.0,0.400859661020706,1627530.796866892,14.0,14.274825836068466,8.0,4.049,32.39,0.53,2.77061,1.4578528229603165,6.59
0,2.73143570965186,17.9205035536655,1.02,32.64,0.168956860483268,1621995.4591339526,30.8,28.25874160122613,8.0,2.855,22.84,0.44,3.08218,1.9423439453788012,4.63
1,9.05096898074678,32.450551964599,1.02,32.64,0.168956860483268,1621995.4591339526,30.8,28.25874160122613,8.0,2.855,22.84,0.44,3.08218,1.9423439453788012,4.63
2,3.06070393648693,12.5261233467393,1.02,32.64,0.168956860483268,1621995.4591339526,30.8,28.25874160122613,8.0,2.855,22.84,0.44,3.08218,1.9423439453788012,4.63
3,5.10214800609726,58.1332259318946,1.02,32.64,0.168956860483268,1621995.4591339526,30.8,28.25874160122613,8.0,2.855,22.84,0.44,3.08218,1.9423439453788012,4.63
0,2.78556993370071,18.1280180791861,1.46,31.3,0.208267927746907,1387319.9930381812,30.0,29.64712095751586,4.0,3.525,14.1,0.44,3.4039200000000003,2.1655532098987904,4.89
1,9.96854019333687,45.4201136144124,1.46,31.3,0.208267927746907,1387319.9930381812,30.0,29.64712095751586,4.0,3.525,14.1,0.44,3.4039200000000003,2.1655532098987904,4.89
2,3.54701793543715,24.5133368296351,1.46,31.3,0.208267927746907,1387319.9930381812,30.0,29.64712095751586,4.0,3.525,14.1,0.44,3.4039200000000003,2.1655532098987904,4.89
3,5.67913502143951,66.6208318376,1.46,31.3,0.208267927746907,1387319.9930381812,30.0,29.64712095751586,4.0,3.525,14.1,0.44,3.4039200000000003,2.1655532098987904,4.89
0,2.76688375492935,18.0563877272292,1.54,33.29,0.093931788530721,811154.0937475102,31.5,31.741002212010564,5.0,3.994,19.97,0.43,3.1258000000000004,2.0110779421398126,3.24
1,10.0700123124721,48.095784441772,1.54,33.29,0.093931788530721,811154.0937475102,31.5,31.741002212010564,5.0,3.994,19.97,0.43,3.1258000000000004,2.0110779421398126,3.24
2,3.64262594016806,26.8699902795812,1.54,33.29,0.093931788530721,811154.0937475102,31.5,31.741002212010564,5.0,3.994,19.97,0.43,3.1258000000000004,2.0110779421398126,3.24
3,5.71497868090218,66.712442939596,1.54,33.29,0.093931788530721,811154.0937475102,31.5,31.741002212010564,5.0,3.994,19.97,0.43,3.1258000000000004,2.0110779421398126,3.24
0,2.77877004986135,18.1019518578018,1.83,36.21,0.070892946631719,565889.3199177403,33.8,34.83802253719057,3.0,2.068,6.2,0.27,2.21095,2.312508492471649,1.17
1,10.0238198585974,46.7862416857,1.83,36.21,0.070892946631719,565889.3199177403,33.8,34.83802253719057,3.0,2.068,6.2,0.27,2.21095,2.312508492471649,1.17
2,3.59587654339436,25.7176586573521,1.83,36.21,0.070892946631719,565889.3199177403,33.8,34.83802253719057,3.0,2.068,6.2,0.27,2.21095,2.312508492471649,1.17
3,5.6921653832742,66.5559415013443,1.83,36.21,0.070892946631719,565889.3199177403,33.8,34.83802253719057,3.0,2.068,6.2,0.27,2.21095,2.312508492471649,1.17
0,2.71514688516337,17.8580630597929,1.42,29.04,0.070406701632192,482502.4428021023,26.2,32.5399546121969,4.0,6.218,24.87,0.32,2.27873,1.99914723065536,3.0
1,10.4369280877237,55.3347569550015,1.42,29.04,0.070406701632192,482502.4428021023,26.2,32.5399546121969,4.0,6.218,24.87,0.32,2.27873,1.99914723065536,3.0
2,3.86336325149422,32.3109713745506,1.42,29.04,0.070406701632192,482502.4428021023,26.2,32.5399546121969,4.0,6.218,24.87,0.32,2.27873,1.99914723065536,3.0
3,5.82363949912958,66.6180595224014,1.42,29.04,0.070406701632192,482502.4428021023,26.2,32.5399546121969,4.0,6.218,24.87,0.32,2.27873,1.99914723065536,3.0
0,2.71012342097569,17.8388064470735,1.23,27.47,0.159579721008491,984687.889153348,24.4,27.48146527569601,8.0,6.581,52.65,0.43,2.99956,1.9331443248504725,6.48
1,10.4650335454637,55.8102856083302,1.23,27.47,0.159579721008491,984687.889153348,24.4,27.48146527569601,8.0,6.581,52.65,0.43,2.99956,1.9331443248504725,6.48
2,3.87611480617909,32.6252860119583,1.23,27.47,0.159579721008491,984687.889153348,24.4,27.48146527569601,8.0,6.581,52.65,0.43,2.99956,1.9331443248504725,6.48
3,5.83295419846513,66.5971881866921,1.23,27.47,0.159579721008491,984687.889153348,24.4,27.48146527569601,8.0,6.581,52.65,0.43,2.99956,1.9331443248504725,6.48
0,2.69361933367695,17.775540779095,1.17,31.38,0.044969023369203,534941.1854288449,29.0,29.043808483690142,2.0,2.0,4.0,0.29,1.9977,1.9313044191651256,1.07
1,10.514343067339,56.64824195078,1.17,31.38,0.044969023369203,534941.1854288449,29.0,29.043808483690142,2.0,2.0,4.0,0.29,1.9977,1.9313044191651256,1.07
2,3.89832132539034,33.1726572311127,1.17,31.38,0.044969023369203,534941.1854288449,29.0,29.043808483690142,2.0,2.0,4.0,0.29,1.9977,1.9313044191651256,1.07
3,5.86060863229171,66.7479602405753,1.17,31.38,0.044969023369203,534941.1854288449,29.0,29.043808483690142,2.0,2.0,4.0,0.29,1.9977,1.9313044191651256,1.07
0,2.71222052297685,17.8468453380779,1.32,28.29,0.08693523689078,558416.5713052255,30.5,32.542868642297435,2.0,6.59,13.18,0.3,1.89284,1.7623852630549943,3.68
1,10.3976968307285,54.7490601131531,1.32,28.29,0.08693523689078,558416.5713052255,30.5,32.542868642297435,2.0,6.59,13.18,0.3,1.89284,1.7623852630549943,3.68
2,3.84826134512848,31.9387226299213,1.32,28.29,0.08693523689078,558416.5713052255,30.5,32.542868642297435,2.0,6.59,13.18,0.3,1.89284,1.7623852630549943,3.68
3,5.82474392565539,66.9172143251987,1.32,28.29,0.08693523689078,558416.5713052255,30.5,32.542868642297435,2.0,6.59,13.18,0.3,1.89284,1.7623852630549943,3.68
0,2.67101610704315,17.6888950769988,1.56,29.76,0.1356913502339,748601.363535326,26.6,27.83543677586105,2.0,5.771,11.54,0.22,1.5071,1.8789995487631104,4.32
1,10.614656138345,58.1451996438002,1.56,29.76,0.1356913502339,748601.363535326,26.6,27.83543677586105,2.0,5.771,11.54,0.22,1.5071,1.8789995487631104,4.32
2,3.93499411474529,34.0766093195988,1.56,29.76,0.1356913502339,748601.363535326,26.6,27.83543677586105,2.0,5.771,11.54,0.22,1.5071,1.8789995487631104,4.32
3,5.89311069472372,66.3792474462806,1.56,29.76,0.1356913502339,748601.363535326,26.6,27.83543677586105,2.0,5.771,11.54,0.22,1.5071,1.8789995487631104,4.32
0,2.57320600334165,17.313956346143,1.24,27.3,0.129823976031694,671158.7672575004,21.1,17.722548546812387,2.0,4.768,9.54,0.47,2.90904,1.7356038538573777,3.2
1,8.70527418000305,36.3447432885411,1.24,27.3,0.129823976031694,671158.7672575004,21.1,17.722548546812387,2.0,4.768,9.54,0.47,2.90904,1.7356038538573777,3.2
2,3.32159629668854,18.9568911727614,1.24,27.3,0.129823976031694,671158.7672575004,21.1,17.722548546812387,2.0,4.768,9.54,0.47,2.90904,1.7356038538573777,3.2
0,2.60867690346398,17.4499281299452,0.89,30.63,0.089627318366542,562523.0861745607,21.3,22.80249888297168,2.0,2.329,4.66,0.26,1.70631,1.81913812598658,1.31
1,10.2318738622978,53.4906238932289,0.89,30.63,0.089627318366542,562523.0861745607,21.3,22.80249888297168,2.0,2.329,4.66,0.26,1.70631,1.81913812598658,1.31
2,3.82893848651242,31.4624311149114,0.89,30.63,0.089627318366542,562523.0861745607,21.3,22.80249888297168,2.0,2.329,4.66,0.26,1.70631,1.81913812598658,1.31
3,5.66098416303138,69.252952329368,0.89,30.63,0.089627318366542,562523.0861745607,21.3,22.80249888297168,2.0,2.329,4.66,0.26,1.70631,1.81913812598658,1.31
0,2.61863207336892,17.4880896145809,0.75,19.53,0.187729711005049,999395.9050424658,12.1,12.708737754367467,5.0,2.602,13.01,0.42,2.43656,1.6183535597129235,2.6
1,10.3660202330991,55.0661876195318,0.75,19.53,0.187729711005049,999395.9050424658,12.1,12.708737754367467,5.0,2.602,13.01,0.42,2.43656,1.6183535597129235,2.6
2,3.8654168655129,32.3615911586953,0.75,19.53,0.187729711005049,999395.9050424658,12.1,12.708737754367467,5.0,2.602,13.01,0.42,2.43656,1.6183535597129235,2.6
3,5.75188960459538,68.8589297895774,0.75,19.53,0.187729711005049,999395.9050424658,12.1,12.708737754367467,5.0,2.602,13.01,0.42,2.43656,1.6183535597129235,2.6
0,3.13779820486282,19.4782264519741,0.94,25.43,0.182543878693652,599237.6651037133,16.5,19.22749912474288,5.0,5.39,26.95,0.35,2.1753400000000003,1.707766829513164,3.23
1,11.2702569903672,32.5920233105025,0.94,25.43,0.182543878693652,599237.6651037133,16.5,19.22749912474288,5.0,5.39,26.95,0.35,2.1753400000000003,1.707766829513164,3.23
2,2.82202358191742,6.64286197533289,0.94,25.43,0.182543878693652,599237.6651037133,16.5,19.22749912474288,5.0,5.39,26.95,0.35,2.1753400000000003,1.707766829513164,3.23
3,5.28289570470971,62.0900400948631,0.94,25.43,0.182543878693652,599237.6651037133,16.5,19.22749912474288,5.0,5.39,26.95,0.35,2.1753400000000003,1.707766829513164,3.23
0,3.16871313225835,19.596733673657,1.2,25.54,0.129960122110279,463294.2371361941,20.8,23.2068272188564,3.0,5.008,15.02,0.27,1.81421,1.8493479429349964,2.32
1,11.4646097769479,32.8479647995959,1.2,25.54,0.129960122110279,463294.2371361941,20.8,23.2068272188564,3.0,5.008,15.02,0.27,1.81421,1.8493479429349964,2.32
2,2.81626693324143,6.50096563516165,1.2,25.54,0.129960122110279,463294.2371361941,20.8,23.2068272188564,3.0,5.008,15.02,0.27,1.81421,1.8493479429349964,2.32
0,3.18049596713755,19.6419012073606,1.06,27.22,0.108701587010456,467360.4271998387,20.8,26.237524118561137,2.0,3.573,7.15,0.59,1.7896500000000002,0.8407857580958307,1.67
1,11.5401615496123,32.9175683605333,1.06,27.22,0.108701587010456,467360.4271998387,20.8,26.237524118561137,2.0,3.573,7.15,0.59,1.7896500000000002,0.8407857580958307,1.67
2,2.81275994551608,6.41452146403671,1.06,27.22,0.108701587010456,467360.4271998387,20.8,26.237524118561137,2.0,3.573,7.15,0.59,1.7896500000000002,0.8407857580958307,1.67
3,5.288821043082,62.2944827088608,1.06,27.22,0.108701587010456,467360.4271998387,20.8,26.237524118561137,2.0,3.573,7.15,0.59,1.7896500000000002,0.8407857580958307,1.67
0,3.21224136954523,19.7635919165901,0.62,27.67,0.105657199229544,1257697.5004407093,21.5,21.922419671570267,3.0,3.697,11.09,0.33,1.95534,1.6510734734626455,4.65
1,11.7420473426311,33.1931690553559,0.62,27.67,0.105657199229544,1257697.5004407093,21.5,21.922419671570267,3.0,3.697,11.09,0.33,1.95534,1.6510734734626455,4.65
2,2.80751912494855,6.28533983425816,0.62,27.67,0.105657199229544,1257697.5004407093,21.5,21.922419671570267,3.0,3.697,11.09,0.33,1.95534,1.6510734734626455,4.65
3,5.29407490068371,62.4770012886773,0.62,27.67,0.105657199229544,1257697.5004407093,21.5,21.922419671570267,3.0,3.697,11.09,0.33,1.95534,1.6510734734626455,4.65
0,2.5282704501458,17.1417033922256,1.13,25.81,0.26847500493196,2335040.5190518787,19.3,18.414065295453693,9.0,2.591,23.32,0.66,4.09229,1.713087392535802,6.05
1,8.51901885738149,35.9969566578617,1.13,25.81,0.26847500493196,2335040.5190518787,19.3,18.414065295453693,9.0,2.591,23.32,0.66,4.09229,1.713087392535802,6.05
2,3.33429940300405,19.2700116003629,1.13,25.81,0.26847500493196,2335040.5190518787,19.3,18.414065295453693,9.0,2.591,23.32,0.66,4.09229,1.713087392535802,6.05
3,4.98971465673976,56.5077782844363,1.13,25.81,0.26847500493196,2335040.5190518787,19.3,18.414065295453693,9.0,2.591,23.32,0.66,4.09229,1.713087392535802,6.05
0,2.70511271665581,17.8195987471806,1.53,27.51,0.029404468288192,412510.4393226076,32.8,33.58916176188419,3.0,6.036,18.11,0.69,2.12329,0.8579253548336415,2.49
1,10.4396384537337,55.4569974372178,1.53,27.51,0.029404468288192,412510.4393226076,32.8,33.58916176188419,3.0,6.036,18.11,0.69,2.12329,0.8579253548336415,2.49
2,3.86741454977225,32.4108323233334,1.53,27.51,0.029404468288192,412510.4393226076,32.8,33.58916176188419,3.0,6.036,18.11,0.69,2.12329,0.8579253548336415,2.49
3,5.83786998020802,66.8869607553644,1.53,27.51,0.029404468288192,412510.4393226076,32.8,33.58916176188419,3.0,6.036,18.11,0.69,2.12329,0.8579253548336415,2.49
0,2.48027133908431,16.9577067998232,0.82,27.69,0.190827860663727,846910.0544972377,22.5,22.86260899446331,3.0,2.928,8.78,0.48,1.24109,0.7243481662171408,2.48
1,7.21304999386613,24.7268144811645,0.82,27.69,0.190827860663727,846910.0544972377,22.5,22.86260899446331,3.0,2.928,8.78,0.48,1.24109,0.7243481662171408,2.48
2,2.83510547766106,6.96531923006639,0.82,27.69,0.190827860663727,846910.0544972377,22.5,22.86260899446331,3.0,2.928,8.78,0.48,1.24109,0.7243481662171408,2.48
0,2.68843600588054,17.7556713558754,0.53,25.78,0.260674270354163,3078815.121922513,20.9,17.330062998025358,10.0,2.939,29.39,0.65,3.59632,1.540962382234763,9.05
1,8.50841506180725,27.3693413357237,0.53,25.78,0.260674270354163,3078815.121922513,20.9,17.330062998025358,10.0,2.939,29.39,0.65,3.59632,1.540962382234763,9.05
2,2.83752513148755,7.02496157438604,0.53,25.78,0.260674270354163,3078815.121922513,20.9,17.330062998025358,10.0,2.939,29.39,0.65,3.59632,1.540962382234763,9.05
3,5.24463333674172,61.7285950393659,0.53,25.78,0.260674270354163,3078815.121922513,20.9,17.330062998025358,10.0,2.939,29.39,0.65,3.59632,1.540962382234763,9.05
0,2.76468031766936,18.0479412177325,1.41,34.59,0.107199899441181,354540.1212113318,32.5,32.01607763292285,3.0,6.882,20.65,0.49,1.34582,0.7665072274842776,2.44
1,9.21330435781522,32.5829164874535,1.41,34.59,0.107199899441181,354540.1212113318,32.5,32.01607763292285,3.0,6.882,20.65,0.49,1.34582,0.7665072274842776,2.44
2,3.04602002957435,12.1641779219643,1.41,34.59,0.107199899441181,354540.1212113318,32.5,32.01607763292285,3.0,6.882,20.65,0.49,1.34582,0.7665072274842776,2.44
3,5.12669767028052,58.6198046706293,1.41,34.59,0.107199899441181,354540.1212113318,32.5,32.01607763292285,3.0,6.882,20.65,0.49,1.34582,0.7665072274842776,2.44
0,2.75084814112815,17.9949178743246,1.5,33.43,0.088250270361692,611233.5519296611,33.0,32.6487902901604,3.0,2.372,7.12,0.75,1.58523,0.5884093527428734,1.45
1,9.13035258270105,32.2649063425426,1.5,33.43,0.088250270361692,611233.5519296611,33.0,32.6487902901604,3.0,2.372,7.12,0.75,1.58523,0.5884093527428734,1.45
2,3.03993522593532,12.0141928498092,1.5,33.43,0.088250270361692,611233.5519296611,33.0,32.6487902901604,3.0,2.372,7.12,0.75,1.58523,0.5884093527428734,1.45
0,2.85347379833307,18.3883162269434,0.72,28.93,0.208313132964527,2763977.965796418,26.1,24.300186532092404,12.0,3.057,36.68,0.47,3.13424,1.862692981851029,8.45
1,9.6076487382382,31.5805541156246,0.72,28.93,0.208313132964527,2763977.965796418,26.1,24.300186532092404,12.0,3.057,36.68,0.47,3.13424,1.862692981851029,8.45
2,2.94365845942338,9.64105500859387,0.72,28.93,0.208313132964527,2763977.965796418,26.1,24.300186532092404,12.0,3.057,36.68,0.47,3.13424,1.862692981851029,8.45
3,5.18722985441365,59.9389850885949,0.72,28.93,0.208313132964527,2763977.965796418,26.1,24.300186532092404,12.0,3.057,36.68,0.47,3.13424,1.862692981851029,8.45
0,2.56730428937666,17.2913331092772,0.65,26.71,0.621857771260638,11296222.031600984,19.2,16.711357848149955,45.0,2.728,122.76,1.86,9.63941,1.4397653132415549,30.82
1,9.91642227042715,50.2837691180809,0.65,26.71,0.621857771260638,11296222.031600984,19.2,16.711357848149955,45.0,2.728,122.76,1.86,9.63941,1.4397653132415549,30.82
2,3.75723899604657,29.6951015692181,0.65,26.71,0.621857771260638,11296222.031600984,19.2,16.711357848149955,45.0,2.728,122.76,1.86,9.63941,1.4397653132415549,30.82
3,5.67566436279647,80.6622136431341,0.65,26.71,0.621857771260638,11296222.031600984,19.2,16.711357848149955,45.0,2.728,122.76,1.86,9.63941,1.4397653132415549,30.82
0,2.53934723901277,17.1841644162156,0.62,32.0,0.594626501718437,12133179.69125306,26.8,18.493634286723037,57.0,3.053,174.02,1.32,6.924180000000001,1.4555643583997102,37.04
1,9.61618436720653,47.4233779572059,0.62,32.0,0.594626501718437,12133179.69125306,26.8,18.493634286723037,57.0,3.053,174.02,1.32,6.924180000000001,1.4555643583997102,37.04
2,3.69069076394635,28.05474602359,0.62,32.0,0.594626501718437,12133179.69125306,26.8,18.493634286723037,57.0,3.053,174.02,1.32,6.924180000000001,1.4555643583997102,37.04
3,5.78271117327795,90.9810138766073,0.62,32.0,0.594626501718437,12133179.69125306,26.8,18.493634286723037,57.0,3.053,174.02,1.32,6.924180000000001,1.4555643583997102,37.04
0,1.59915781848537,13.5801049708606,0.71,26.06,0.257167114334994,3233712.0408488573,19.0,20.151905156540877,10.0,2.514,25.14,0.55,3.59029,1.8039718872257435,8.13
1,1.66527013277351,13.6575352461242,0.71,26.06,0.257167114334994,3233712.0408488573,19.0,20.151905156540877,10.0,2.514,25.14,0.55,3.59029,1.8039718872257435,8.13
2,2.89087994270216,8.34011086836028,0.71,26.06,0.257167114334994,3233712.0408488573,19.0,20.151905156540877,10.0,2.514,25.14,0.55,3.59029,1.8039718872257435,8.13
3,5.27070693654287,62.9637212060466,0.71,26.06,0.257167114334994,3233712.0408488573,19.0,20.151905156540877,10.0,2.514,25.14,0.55,3.59029,1.8039718872257435,8.13
0,1.6832967740133,13.9026376337176,0.76,25.31,0.487011565886824,4624957.319925923,16.6,16.271022143127702,15.0,2.828,42.42,1.32,6.92452,1.4587555878461098,13.08
1,2.22265497762548,14.8385381823668,0.76,25.31,0.487011565886824,4624957.319925923,16.6,16.271022143127702,15.0,2.828,42.42,1.32,6.92452,1.4587555878461098,13.08
2,2.88838866108113,8.27870296173666,0.76,25.31,0.487011565886824,4624957.319925923,16.6,16.271022143127702,15.0,2.828,42.42,1.32,6.92452,1.4587555878461098,13.08
3,5.32705742669137,64.2607621801539,0.76,25.31,0.487011565886824,4624957.319925923,16.6,16.271022143127702,15.0,2.828,42.42,1.32,6.92452,1.4587555878461098,13.08
0,1.62806195077628,13.6909041446424,0.74,28.3,0.277874850955958,3376548.527940159,22.4,19.27589197338551,13.0,3.148,40.92,0.79,4.66995,1.646542210554094,10.63
1,1.862425998959,14.0905277736292,0.74,28.3,0.277874850955958,3376548.527940159,22.4,19.27589197338551,13.0,3.148,40.92,0.79,4.66995,1.646542210554094,10.63
2,2.8977184828993,8.50867488550032,0.74,28.3,0.277874850955958,3376548.527940159,22.4,19.27589197338551,13.0,3.148,40.92,0.79,4.66995,1.646542210554094,10.63
3,5.31357798871283,64.0410047833814,0.74,28.3,0.277874850955958,3376548.527940159,22.4,19.27589197338551,13.0,3.148,40.92,0.79,4.66995,1.646542210554094,10.63
0,2.5453726728754,17.2072619126891,1.0,29.72,0.155336322481525,1291958.6625847071,26.1,25.021849602106144,9.0,4.822,43.4,0.41,2.7678000000000003,1.894603694507338,6.23
1,9.70556474375105,48.2866518038965,1.0,29.72,0.155336322481525,1291958.6625847071,26.1,25.021849602106144,9.0,4.822,43.4,0.41,2.7678000000000003,1.894603694507338,6.23
2,3.71161184132245,28.5704322290885,1.0,29.72,0.155336322481525,1291958.6625847071,26.1,25.021849602106144,9.0,4.822,43.4,0.41,2.7678000000000003,1.894603694507338,6.23
3,5.88935633161228,96.221567784323,1.0,29.72,0.155336322481525,1291958.6625847071,26.1,25.021849602106144,9.0,4.822,43.4,0.41,2.7678000000000003,1.894603694507338,6.23
0,2.54862324715924,17.2197224474438,0.84,29.34,0.172573730952471,1842852.643546594,25.1,25.276970396759506,10.0,3.999,39.99,0.47,3.12753,1.8406079220608509,7.37
1,9.74832204383336,48.6996473164476,0.84,29.34,0.172573730952471,1842852.643546594,25.1,25.276970396759506,10.0,3.999,39.99,0.47,3.12753,1.8406079220608509,7.37
2,3.72142551939701,28.8123307851368,0.84,29.34,0.172573730952471,1842852.643546594,25.1,25.276970396759506,10.0,3.999,39.99,0.47,3.12753,1.8406079220608509,7.37
3,5.90803354530034,96.9825395485198,0.84,29.34,0.172573730952471,1842852.643546594,25.1,25.276970396759506,10.0,3.999,39.99,0.47,3.12753,1.8406079220608509,7.37
0,2.55004627089504,17.2251773717643,1.34,29.11,0.079423722985775,617732.8014191103,21.5,25.20045120895985,5.0,6.265,31.32,0.26,1.54059,1.6666147164342011,3.87
1,9.77162567074286,48.9322072528053,1.34,29.11,0.079423722985775,617732.8014191103,21.5,25.20045120895985,5.0,6.265,31.32,0.26,1.54059,1.6666147164342011,3.87
2,3.72703097392414,28.9505003221651,1.34,29.11,0.079423722985775,617732.8014191103,21.5,25.20045120895985,5.0,6.265,31.32,0.26,1.54059,1.6666147164342011,3.87
3,5.94719429531657,99.2280435024715,1.34,29.11,0.079423722985775,617732.8014191103,21.5,25.20045120895985,5.0,6.265,31.32,0.26,1.54059,1.6666147164342011,3.87
0,2.55171130409414,17.2315599990275,1.39,29.07,0.115771308720836,593643.3972390366,25.8,28.057572220083333,1.0,4.733,4.73,0.34,2.2626500000000003,1.831622607473936,2.81
1,9.79051087047476,49.1134029433528,1.39,29.07,0.115771308720836,593643.3972390366,25.8,28.057572220083333,1.0,4.733,4.73,0.34,2.2626500000000003,1.831622607473936,2.81
2,3.73124546595718,29.0543838538569,1.39,29.07,0.115771308720836,593643.3972390366,25.8,28.057572220083333,1.0,4.733,4.73,0.34,2.2626500000000003,1.831622607473936,2.81
3,5.93386366354102,98.214159353599,1.39,29.07,0.115771308720836,593643.3972390366,25.8,28.057572220083333,1.0,4.733,4.73,0.34,2.2626500000000003,1.831622607473936,2.81
0,2.55772977136218,17.2546307902217,0.62,28.34,0.343209333514281,3696650.6672075046,22.3,15.98553411819132,21.0,2.949,61.93,0.81,4.5684700000000005,1.5599067162358315,10.9
1,9.86180646522029,49.8105451250914,0.62,28.34,0.343209333514281,3696650.6672075046,22.3,15.98553411819132,21.0,2.949,61.93,0.81,4.5684700000000005,1.5599067162358315,10.9
2,3.74748056606505,29.4545648301999,0.62,28.34,0.343209333514281,3696650.6672075046,22.3,15.98553411819132,21.0,2.949,61.93,0.81,4.5684700000000005,1.5599067162358315,10.9
3,5.90776761086403,95.7451982413345,0.62,28.34,0.343209333514281,3696650.6672075046,22.3,15.98553411819132,21.0,2.949,61.93,0.81,4.5684700000000005,1.5599067162358315,10.9
0,2.5547586687393,17.2432415635006,0.84,29.32,0.096700162262487,934826.5162863416,23.7,24.872065943057112,4.0,2.92,11.68,0.25,1.75812,1.924528341670564,2.73
1,9.83364030810134,49.5424728907025,0.84,29.32,0.096700162262487,934826.5162863416,23.7,24.872065943057112,4.0,2.92,11.68,0.25,1.75812,1.924528341670564,2.73
2,3.74140751237444,29.3048693839665,0.84,29.32,0.096700162262487,934826.5162863416,23.7,24.872065943057112,4.0,2.92,11.68,0.25,1.75812,1.924528341670564,2.73
3,5.96843032564225,100.077094803131,0.84,29.32,0.096700162262487,934826.5162863416,23.7,24.872065943057112,4.0,2.92,11.68,0.25,1.75812,1.924528341670564,2.73
0,2.57194304311956,17.309114998625,0.46,13.77,0.197949390017287,681907.1886136133,8.0,7.328658822272959,1.0,3.417,3.42,0.49,1.7406199999999998,0.98894742923951,2.33
1,10.0083163153109,51.2652534650923,0.46,13.77,0.197949390017287,681907.1886136133,8.0,7.328658822272959,1.0,3.417,3.42,0.49,1.7406199999999998,0.98894742923951,2.33
2,3.78067963064414,30.272892650088,0.46,13.77,0.197949390017287,681907.1886136133,8.0,7.328658822272959,1.0,3.417,3.42,0.49,1.7406199999999998,0.98894742923951,2.33
3,5.78464406917568,84.9113301737317,0.46,13.77,0.197949390017287,681907.1886136133,8.0,7.328658822272959,1.0,3.417,3.42,0.49,1.7406199999999998,0.98894742923951,2.33
0,2.57735283426953,17.3298525313665,1.2,30.11,0.128014721055524,757668.9018786814,25.3,26.475424568400317,5.0,4.078,20.39,0.3,2.25535,2.0751204037273303,3.09
1,10.0835440896816,52.0624059292013,1.2,30.11,0.128014721055524,757668.9018786814,25.3,26.475424568400317,5.0,4.078,20.39,0.3,2.25535,2.0751204037273303,3.09
2,3.79915112663469,30.7281988231885,1.2,30.11,0.128014721055524,757668.9018786814,25.3,26.475424568400317,5.0,4.078,20.39,0.3,2.25535,2.0751204037273303,3.09
3,5.81481704183994,84.8386125804525,1.2,30.11,0.128014721055524,757668.9018786814,25.3,26.475424568400317,5.0,4.078,20.39,0.3,2.25535,2.0751204037273303,3.09
0,2.58307639961102,17.3517928651756,1.17,28.78,0.088700061325981,552510.7049670231,26.9,27.34546477619664,2.0,2.353,4.71,0.25,1.85936,2.081500427911344,1.3
1,10.1302533201231,52.5398693984801,1.17,28.78,0.088700061325981,552510.7049670231,26.9,27.34546477619664,2.0,2.353,4.71,0.25,1.85936,2.081500427911344,1.3
2,3.80973898277782,30.9891801895235,1.17,28.78,0.088700061325981,552510.7049670231,26.9,27.34546477619664,2.0,2.353,4.71,0.25,1.85936,2.081500427911344,1.3
3,5.7680306702819,80.1112973641841,1.17,28.78,0.088700061325981,552510.7049670231,26.9,27.34546477619664,2.0,2.353,4.71,0.25,1.85936,2.081500427911344,1.3
0,2.58625142416065,17.3639637926158,1.23,30.21,0.114659372487777,878518.566910365,23.5,27.37300707772177,4.0,3.278,13.11,0.26,2.04095,2.200119931242621,2.88
1,10.1598291467375,52.8519341173431,1.23,30.21,0.114659372487777,878518.566910365,23.5,27.37300707772177,4.0,3.278,13.11,0.26,2.04095,2.200119931242621,2.88
2,3.81674580834659,31.1618922934554,1.23,30.21,0.114659372487777,878518.566910365,23.5,27.37300707772177,4.0,3.278,13.11,0.26,2.04095,2.200119931242621,2.88
3,5.75953751197251,78.4675874855168,1.23,30.21,0.114659372487777,878518.566910365,23.5,27.37300707772177,4.0,3.278,13.11,0.26,2.04095,2.200119931242621,2.88
0,2.55766569127493,17.2543851498872,0.91,29.73,0.150282775365701,1222261.8949451053,29.3,28.526439975238976,4.0,2.937,11.75,0.33,2.34968,1.9747558423159983,3.59
1,9.87926055591872,50.0057255672407,0.91,29.73,0.150282775365701,1222261.8949451053,29.3,28.526439975238976,4.0,2.937,11.75,0.33,2.34968,1.9747558423159983,3.59
2,3.75239769914982,29.5757678474649,0.91,29.73,0.150282775365701,1222261.8949451053,29.3,28.526439975238976,4.0,2.937,11.75,0.33,2.34968,1.9747558423159983,3.59
3,6.05487718800308,105.801897728995,0.91,29.73,0.150282775365701,1222261.8949451053,29.3,28.526439975238976,4.0,2.937,11.75,0.33,2.34968,1.9747558423159983,3.59
0,2.58641922932649,17.3646070457515,2.03,31.87,0.071013251007109,554419.9281433282,32.5,31.795759670052657,1.0,6.475,6.47,0.15,1.09007,2.0197006788671765,3.59
1,8.91993863461183,38.3203081366251,2.03,31.87,0.071013251007109,554419.9281433282,32.5,31.795759670052657,1.0,6.475,6.47,0.15,1.09007,2.0197006788671765,3.59
2,3.38804962861159,20.5949075122683,2.03,31.87,0.071013251007109,554419.9281433282,32.5,31.795759670052657,1.0,6.475,6.47,0.15,1.09007,2.0197006788671765,3.59
3,5.01129610776997,56.2742814438274,2.03,31.87,0.071013251007109,554419.9281433282,32.5,31.795759670052657,1.0,6.475,6.47,0.15,1.09007,2.0197006788671765,3.59
0,2.57351362519961,17.3151355632652,1.06,30.49,0.174151170577175,1935593.9485689632,29.6,28.48109003611773,14.0,3.864,54.1,0.43,3.2247,2.0627720496296496,7.48
1,10.0508640093239,51.7320925484974,1.06,30.49,0.174151170577175,1935593.9485689632,29.6,28.48109003611773,14.0,3.864,54.1,0.43,3.2247,2.0627720496296496,7.48
2,3.7918053953944,30.5471329917392,1.06,30.49,0.174151170577175,1935593.9485689632,29.6,28.48109003611773,14.0,3.864,54.1,0.43,3.2247,2.0627720496296496,7.48
3,5.8628650471665,89.1362414812818,1.06,30.49,0.174151170577175,1935593.9485689632,29.6,28.48109003611773,14.0,3.864,54.1,0.43,3.2247,2.0627720496296496,7.48
0,2.5685206568883,17.2959958514052,1.24,26.86,0.107578326423605,1113382.4124871718,25.3,27.778071730996416,5.0,6.116,30.58,1.06,1.87084,0.4885418349963765,6.81
1,10.0032703738329,51.2513426695016,1.24,26.86,0.107578326423605,1113382.4124871718,25.3,27.778071730996416,5.0,6.116,30.58,1.06,1.87084,0.4885418349963765,6.81
2,3.78099482687635,30.280661960724,1.24,26.86,0.107578326423605,1113382.4124871718,25.3,27.778071730996416,5.0,6.116,30.58,1.06,1.87084,0.4885418349963765,6.81
3,5.93776999202398,95.6291431168167,1.24,26.86,0.107578326423605,1113382.4124871718,25.3,27.778071730996416,5.0,6.116,30.58,1.06,1.87084,0.4885418349963765,6.81
0,2.55482754542216,17.2435055907849,1.08,28.2,0.148910463248714,1042547.1732459636,29.2,30.04108506394063,5.0,3.328,16.64,0.37,2.6049,1.9765732731766688,3.47
1,9.84537217778814,49.6713409532985,1.08,28.2,0.148910463248714,1042547.1732459636,29.2,30.04108506394063,5.0,3.328,16.64,0.37,2.6049,1.9765732731766688,3.47
2,3.74464525928837,29.3846770052659,1.08,28.2,0.148910463248714,1042547.1732459636,29.2,30.04108506394063,5.0,3.328,16.64,0.37,2.6049,1.9765732731766688,3.47
3,6.09160168186406,108.700997498308,1.08,28.2,0.148910463248714,1042547.1732459636,29.2,30.04108506394063,5.0,3.328,16.64,0.37,2.6049,1.9765732731766688,3.47
0,1.62278844846941,13.6706890524661,0.96,27.68,0.230532535644469,1343237.8478229598,21.1,21.036562235242663,4.0,2.777,11.11,0.55,3.4025700000000003,1.7095643558165352,3.73
1,1.83149468610315,14.0367578783714,0.96,27.68,0.230532535644469,1343237.8478229598,21.1,21.036562235242663,4.0,2.777,11.11,0.55,3.4025700000000003,1.7095643558165352,3.73
2,2.90463434931013,8.67914492597784,0.96,27.68,0.230532535644469,1343237.8478229598,21.1,21.036562235242663,4.0,2.777,11.11,0.55,3.4025700000000003,1.7095643558165352,3.73
3,5.30305802271797,63.8547520261205,0.96,27.68,0.230532535644469,1343237.8478229598,21.1,21.036562235242663,4.0,2.777,11.11,0.55,3.4025700000000003,1.7095643558165352,3.73
