max_precip,total_precip,melton_index,mean_slope,california_tc,area,river_slope,main_river_slope,drainage_density,long_outlet,vel_ms
1.7076446962553198,16.7522330521292,0.21,21.17,2.019418047526634,96.67152476051223,12.7,8.892297065638909,2.448,22.93844,0.8572292755292713
5.027172875856625,26.4797449104127,0.21,21.17,2.019418047526634,96.67152476051223,12.7,8.892297065638909,2.448,22.93844,0.8572292755292713
2.0938369385657083,10.4252487773674,0.21,21.17,2.019418047526634,96.67152476051223,12.7,8.892297065638909,2.448,22.93844,0.8572292755292713
3.608975811819715,59.3373858378078,0.21,21.17,2.019418047526634,96.67152476051223,12.7,8.892297065638909,2.448,22.93844,0.8572292755292713
9.429293832322687,17.7772944897122,0.97,24.11,0.081632221053138,0.41878682176268534,15.0,18.302869673147352,4.68,1.9295,1.6090321511948102
29.85891259777046,27.2592216952049,0.97,24.11,0.081632221053138,0.41878682176268534,15.0,18.302869673147352,4.68,1.9295,1.6090321511948102
9.897717688977577,6.7880027880894,0.97,24.11,0.081632221053138,0.41878682176268534,15.0,18.302869673147352,4.68,1.9295,1.6090321511948102
18.421482326286142,62.1630929737097,0.97,24.11,0.081632221053138,0.41878682176268534,15.0,18.302869673147352,4.68,1.9295,1.6090321511948102
7.426363828938571,18.7250496955789,0.71,23.28,0.156866899914996,0.6647370982422824,14.4,14.237032576084149,2.452,2.24884,1.5409068858208053
25.39219839274975,30.1706103341196,0.71,23.28,0.156866899914996,0.6647370982422824,14.4,14.237032576084149,2.452,2.24884,1.5409068858208053
7.12295085823995,6.62123719005717,0.71,23.28,0.156866899914996,0.6647370982422824,14.4,14.237032576084149,2.452,2.24884,1.5409068858208053
13.294129111358114,62.080892630292,0.71,23.28,0.156866899914996,0.6647370982422824,14.4,14.237032576084149,2.452,2.24884,1.5409068858208053
4.77511631052968,18.3240315316184,0.61,24.12,0.352906856230769,2.7601120574083002,17.1,15.713965076217296,2.917,4.43703,1.3774571212258513
15.86430535145787,29.265376937938,0.61,24.12,0.352906856230769,2.7601120574083002,17.1,15.713965076217296,2.917,4.43703,1.3774571212258513
4.781175383949001,7.09344170086416,0.61,24.12,0.352906856230769,2.7601120574083002,17.1,15.713965076217296,2.917,4.43703,1.3774571212258513
8.813127691502878,61.4034556471514,0.61,24.12,0.352906856230769,2.7601120574083002,17.1,15.713965076217296,2.917,4.43703,1.3774571212258513
4.054342469894969,18.1011535713222,0.6,24.77,0.469676964244491,5.5404271306122705,19.6,16.319850493335597,2.372,6.56073,1.349818538617241
13.276360087558455,29.1441332830767,0.6,24.77,0.469676964244491,5.5404271306122705,19.6,16.319850493335597,2.372,6.56073,1.349818538617241
4.189110670072108,7.84817661824569,0.6,24.77,0.469676964244491,5.5404271306122705,19.6,16.319850493335597,2.372,6.56073,1.349818538617241
7.5905825006618715,60.6154876123759,0.6,24.77,0.469676964244491,5.5404271306122705,19.6,16.319850493335597,2.372,6.56073,1.349818538617241
5.764571243699522,18.5998936158043,0.77,27.34,0.254597569981198,2.857636658090077,22.5,23.991173932013574,2.565,3.97969,1.6907855877698534
19.57896865543563,30.6672341825396,0.77,27.34,0.254597569981198,2.857636658090077,22.5,23.991173932013574,2.565,3.97969,1.6907855877698534
5.678892581553528,7.71295108319782,0.77,27.34,0.254597569981198,2.857636658090077,22.5,23.991173932013574,2.565,3.97969,1.6907855877698534
10.342103129630841,60.8075211355957,0.77,27.34,0.254597569981198,2.857636658090077,22.5,23.991173932013574,2.565,3.97969,1.6907855877698534
4.497889504559819,18.2897180076906,0.66,26.47,0.395243951608638,4.578773025556286,22.0,20.0513224176706,3.405,5.438350000000001,1.5458393284257
14.994544924034157,30.4847099611546,0.66,26.47,0.395243951608638,4.578773025556286,22.0,20.0513224176706,3.405,5.438350000000001,1.5458393284257
4.623221656322514,8.72628713222013,0.66,26.47,0.395243951608638,4.578773025556286,22.0,20.0513224176706,3.405,5.438350000000001,1.5458393284257
8.24665224868311,60.0492411139907,0.66,26.47,0.395243951608638,4.578773025556286,22.0,20.0513224176706,3.405,5.438350000000001,1.5458393284257
6.844370156598698,18.524002737975,1.19,26.81,0.17815134432771,0.8538228114658378,24.3,24.13958795878064,3.549,3.13462,1.7183796387325414
23.198639834501627,31.4402107817986,1.19,26.81,0.17815134432771,0.8538228114658378,24.3,24.13958795878064,3.549,3.13462,1.7183796387325414
6.906564119742349,8.93763398420514,1.19,26.81,0.17815134432771,0.8538228114658378,24.3,24.13958795878064,3.549,3.13462,1.7183796387325414
12.331219419767429,60.3300067366374,1.19,26.81,0.17815134432771,0.8538228114658378,24.3,24.13958795878064,3.549,3.13462,1.7183796387325414
9.52794086445299,18.6557187000232,1.18,28.84,0.094130020837511,0.2261444461177461,25.9,26.190810486232763,5.085,1.29518,1.9965545814089625
32.54906897640894,31.6613828543267,1.18,28.84,0.094130020837511,0.2261444461177461,25.9,26.190810486232763,5.085,1.29518,1.9965545814089625
9.467854830501583,8.68313439801087,1.18,28.84,0.094130020837511,0.2261444461177461,25.9,26.190810486232763,5.085,1.29518,1.9965545814089625
3.923742369961971,17.9978416189803,0.57,25.44,0.49178248870822,7.099650149749627,17.9,18.2505990948949,2.379,5.79503,1.4775476090210773
12.935856668335868,31.1766696486969,0.57,25.44,0.49178248870822,7.099650149749627,17.9,18.2505990948949,2.379,5.79503,1.4775476090210773
4.261060920850196,10.7380511434981,0.57,25.44,0.49178248870822,7.099650149749627,17.9,18.2505990948949,2.379,5.79503,1.4775476090210773
7.317812711971957,58.8482467465617,0.57,25.44,0.49178248870822,7.099650149749627,17.9,18.2505990948949,2.379,5.79503,1.4775476090210773
4.226466544648412,18.1862820514878,0.74,27.19,0.439136748686276,5.126786622314403,19.8,15.129903312266515,3.283,6.33461,1.5594451191608816
14.4943239005074,37.130930559642,0.74,27.19,0.439136748686276,5.126786622314403,19.8,15.129903312266515,3.283,6.33461,1.5594451191608816
4.865539746524983,16.5577942627738,0.74,27.19,0.439136748686276,5.126786622314403,19.8,15.129903312266515,3.283,6.33461,1.5594451191608816
7.928051367495975,60.6602664794771,0.74,27.19,0.439136748686276,5.126786622314403,19.8,15.129903312266515,3.283,6.33461,1.5594451191608816
7.973756077213504,18.3616303382033,0.48,25.18,0.127438375190933,0.7114387819584774,15.2,13.763440716977778,3.092,1.4767,1.495438337337389
27.081024939729257,34.0159481967138,0.48,25.18,0.127438375190933,0.7114387819584774,15.2,13.763440716977778,3.092,1.4767,1.495438337337389
8.576252163265275,12.5480724695164,0.48,25.18,0.127438375190933,0.7114387819584774,15.2,13.763440716977778,3.092,1.4767,1.495438337337389
14.630108025925496,60.3289815664649,0.48,25.18,0.127438375190933,0.7114387819584774,15.2,13.763440716977778,3.092,1.4767,1.495438337337389
3.759973407134946,18.4589191841095,0.42,25.88,0.583400301542312,12.212288482993097,20.7,14.125485378436894,3.207,7.17684,1.2975911691844082
12.884883383806168,35.5341398751147,0.42,25.88,0.583400301542312,12.212288482993097,20.7,14.125485378436894,3.207,7.17684,1.2975911691844082
4.077843868930192,13.8566715422404,0.42,25.88,0.583400301542312,12.212288482993097,20.7,14.125485378436894,3.207,7.17684,1.2975911691844082
6.9670244067815545,61.9219444403938,0.42,25.88,0.583400301542312,12.212288482993097,20.7,14.125485378436894,3.207,7.17684,1.2975911691844082
5.4102436093401085,18.879036315637,0.63,27.85,0.303691343383343,3.735998030248087,22.0,19.469103003603863,2.203,4.21372,1.618115445053106
18.75215769847073,33.0933468396238,0.63,27.85,0.303691343383343,3.735998030248087,22.0,19.469103003603863,2.203,4.21372,1.618115445053106
5.331132308719834,9.49889028780363,0.63,27.85,0.303691343383343,3.735998030248087,22.0,19.469103003603863,2.203,4.21372,1.618115445053106
9.649846012461783,62.203596821747,0.63,27.85,0.303691343383343,3.735998030248087,22.0,19.469103003603863,2.203,4.21372,1.618115445053106
10.643568318379238,18.9084981454088,0.91,27.32,0.078872884161534,0.4194347559724801,26.2,28.22032082013969,4.601,1.54726,1.769850514455653
36.9214141600862,32.3609713063562,0.91,27.32,0.078872884161534,0.4194347559724801,26.2,28.22032082013969,4.601,1.54726,1.769850514455653
10.320947147936135,8.5296018738112,0.91,27.32,0.078872884161534,0.4194347559724801,26.2,28.22032082013969,4.601,1.54726,1.769850514455653
18.768984797063847,61.5094161837906,0.91,27.32,0.078872884161534,0.4194347559724801,26.2,28.22032082013969,4.601,1.54726,1.769850514455653
6.008884617750905,19.0885995185671,0.88,27.19,0.255305721777107,1.975073853133068,23.9,23.47762003776577,3.428,3.90811,1.7214769924887228
21.063170566205553,32.6959573059349,0.88,27.19,0.255305721777107,1.975073853133068,23.9,23.47762003776577,3.428,3.90811,1.7214769924887228
5.712861954464425,8.23418752101188,0.88,27.19,0.255305721777107,1.975073853133068,23.9,23.47762003776577,3.428,3.90811,1.7214769924887228
10.518004719532252,62.294675545683,0.88,27.19,0.255305721777107,1.975073853133068,23.9,23.47762003776577,3.428,3.90811,1.7214769924887228
11.082901570068842,19.1204999640795,1.32,29.94,0.07546034728812,0.5878471373637415,25.0,28.621938080137912,2.569,2.23834,2.001591839263744
38.92439415262605,32.3846650604574,1.32,29.94,0.07546034728812,0.5878471373637415,25.0,28.621938080137912,2.569,2.23834,2.001591839263744
10.436184751496631,7.74717365259831,1.32,29.94,0.07546034728812,0.5878471373637415,25.0,28.621938080137912,2.569,2.23834,2.001591839263744
19.2441073520543,61.8812373934039,1.32,29.94,0.07546034728812,0.5878471373637415,25.0,28.621938080137912,2.569,2.23834,2.001591839263744
7.517465840296098,19.319092919036,0.86,27.41,0.169644178760078,1.7889350354706988,26.6,26.02878290138377,3.365,2.88403,1.870745343021624
26.722399948863085,32.63296224254,0.86,27.41,0.169644178760078,1.7889350354706988,26.6,26.02878290138377,3.365,2.88403,1.870745343021624
6.915110272546817,7.28778199277439,0.86,27.41,0.169644178760078,1.7889350354706988,26.6,26.02878290138377,3.365,2.88403,1.870745343021624
12.888278567246637,62.3413516987479,0.86,27.41,0.169644178760078,1.7889350354706988,26.6,26.02878290138377,3.365,2.88403,1.870745343021624
7.17252018224662,19.5063079376485,0.77,27.1,0.192279035465176,1.4570700946685724,24.4,22.29892912441877,4.77,2.60673,1.80701719788884
25.79929146432793,32.7746222511937,0.77,27.1,0.192279035465176,1.4570700946685724,24.4,22.29892912441877,4.77,2.60673,1.80701719788884
6.445785548787586,6.75205154784354,0.77,27.1,0.192279035465176,1.4570700946685724,24.4,22.29892912441877,4.77,2.60673,1.80701719788884
12.086814350644246,62.3249491470911,0.77,27.1,0.192279035465176,1.4570700946685724,24.4,22.29892912441877,4.77,2.60673,1.80701719788884
3.0427743146895723,16.4507677746341,0.52,24.08,0.595479012112438,6.687595615454227,16.5,14.049006310389675,3.053,7.65149,1.2910571746776631
8.26824065943334,23.0100929564257,0.52,24.08,0.595479012112438,6.687595615454227,16.5,14.049006310389675,3.053,7.65149,1.2910571746776631
3.669135190189508,6.87329395525127,0.52,24.08,0.595479012112438,6.687595615454227,16.5,14.049006310389675,3.053,7.65149,1.2910571746776631
6.9122184595220775,63.8943750195501,0.52,24.08,0.595479012112438,6.687595615454227,16.5,14.049006310389675,3.053,7.65149,1.2910571746776631
4.380846892748402,18.3479642517028,0.7,27.42,0.421135096688437,5.227821987767971,22.5,18.89237281213316,2.362,6.26968,1.5135642036083472
14.560924028142333,29.0111025744124,0.7,27.42,0.421135096688437,5.227821987767971,22.5,18.89237281213316,2.362,6.26968,1.5135642036083472
4.35094705432579,6.68033202399721,0.7,27.42,0.421135096688437,5.227821987767971,22.5,18.89237281213316,2.362,6.26968,1.5135642036083472
8.258068582868637,64.2470315860728,0.7,27.42,0.421135096688437,5.227821987767971,22.5,18.89237281213316,2.362,6.26968,1.5135642036083472
4.937960974411862,19.2756641893256,0.64,26.76,0.390303644601196,4.8164553354069435,21.7,18.96371876820001,2.363,5.5733500000000005,1.5231731268778164
17.521373965572785,31.794697174502,0.64,26.76,0.390303644601196,4.8164553354069435,21.7,18.96371876820001,2.363,5.5733500000000005,1.5231731268778164
4.505428338420826,6.46318506136621,0.64,26.76,0.390303644601196,4.8164553354069435,21.7,18.96371876820001,2.363,5.5733500000000005,1.5231731268778164
8.589588796900767,64.2103236502889,0.64,26.76,0.390303644601196,4.8164553354069435,21.7,18.96371876820001,2.363,5.5733500000000005,1.5231731268778164
6.909284124216286,19.9264245653352,0.74,24.59,0.221901896857548,1.437285705584646,20.6,19.0793487069695,3.214,1.74371,1.601898829410216
25.500354958399445,33.6113810508439,0.74,24.59,0.221901896857548,1.437285705584646,20.6,19.0793487069695,3.214,1.74371,1.601898829410216
5.9501146771031905,6.17120243450064,0.74,24.59,0.221901896857548,1.437285705584646,20.6,19.0793487069695,3.214,1.74371,1.601898829410216
11.343034797991367,63.6352817662223,0.74,24.59,0.221901896857548,1.437285705584646,20.6,19.0793487069695,3.214,1.74371,1.601898829410216
6.8676885816557185,19.8513531503315,0.93,28.22,0.221903315600896,1.1463068937914342,21.7,21.51132446415191,2.582,3.23058,1.6399582613051975
25.23261153246315,33.4425079485296,0.93,28.22,0.221903315600896,1.1463068937914342,21.7,21.51132446415191,2.582,3.23058,1.6399582613051975
5.957015815667204,6.25155495055303,0.93,28.22,0.221903315600896,1.1463068937914342,21.7,21.51132446415191,2.582,3.23058,1.6399582613051975
11.38689865153878,63.9305465295327,0.93,28.22,0.221903315600896,1.1463068937914342,21.7,21.51132446415191,2.582,3.23058,1.6399582613051975
1.8260054002583397,17.7524584828821,0.22,20.73,2.166329230284417,127.53468389156212,15.4,7.601114824454508,2.737,22.62349,0.8039819781951341
5.951991015187951,31.1076590811302,0.22,20.73,2.166329230284417,127.53468389156212,15.4,7.601114824454508,2.737,22.62349,0.8039819781951341
2.055894850552396,11.6697064785623,0.22,20.73,2.166329230284417,127.53468389156212,15.4,7.601114824454508,2.737,22.62349,0.8039819781951341
3.7434711000831253,67.2936788804452,0.22,20.73,2.166329230284417,127.53468389156212,15.4,7.601114824454508,2.737,22.62349,0.8039819781951341
4.6545886576644815,19.1399461406909,0.89,26.21,0.42924894400579,2.6564531623622347,22.4,20.559058760812363,3.667,5.05954,1.6112453062791745
16.365962758303194,32.5207222184813,0.89,26.21,0.42924894400579,2.6564531623622347,22.4,20.559058760812363,3.667,5.05954,1.6112453062791745
4.3810230535636645,7.83330010428397,0.89,26.21,0.42924894400579,2.6564531623622347,22.4,20.559058760812363,3.667,5.05954,1.6112453062791745
8.296370256355786,64.8702280570198,0.89,26.21,0.42924894400579,2.6564531623622347,22.4,20.559058760812363,3.667,5.05954,1.6112453062791745
7.015849122563878,18.9950457384363,1.2,25.15,0.184279770473722,1.5722815972215793,22.5,19.68016991576263,4.643,4.31306,1.5155911006404652
24.462553467945142,32.7483405469948,1.2,25.15,0.184279770473722,1.5722815972215793,22.5,19.68016991576263,4.643,4.31306,1.5155911006404652
6.763786479352531,8.65231967670756,1.2,25.15,0.184279770473722,1.5722815972215793,22.5,19.68016991576263,4.643,4.31306,1.5155911006404652
12.705762982224991,65.0560911050429,1.2,25.15,0.184279770473722,1.5722815972215793,22.5,19.68016991576263,4.643,4.31306,1.5155911006404652
5.340839588629912,18.7019281053128,0.64,27.99,0.302051959497328,7.283943283689892,26.3,24.904966261884468,4.244,4.35094,1.8050970004345184
18.381467848119467,33.9266362525833,0.64,27.99,0.302051959497328,7.283943283689892,26.3,24.904966261884468,4.244,4.35094,1.8050970004345184
5.466560626759193,11.1378108230942,0.64,27.99,0.302051959497328,7.283943283689892,26.3,24.904966261884468,4.244,4.35094,1.8050970004345184
10.009871636384483,65.5652655783125,0.64,27.99,0.302051959497328,7.283943283689892,26.3,24.904966261884468,4.244,4.35094,1.8050970004345184
9.490462187073245,18.7333845910704,1.28,29.25,0.09619464247193,0.7615834600517419,23.7,28.03563935002026,4.386,2.36453,1.8993815023042724
32.74751864747762,34.54181303008,1.28,29.25,0.09619464247193,0.7615834600517419,23.7,28.03563935002026,4.386,2.36453,1.8993815023042724
9.762470214778169,11.7164414706583,1.28,29.25,0.09619464247193,0.7615834600517419,23.7,28.03563935002026,4.386,2.36453,1.8993815023042724
17.703966056837647,65.1152984667946,1.28,29.25,0.09619464247193,0.7615834600517419,23.7,28.03563935002026,4.386,2.36453,1.8993815023042724
8.845252197073,18.6186774820101,1.44,28.4,0.108500037564568,0.6540110679539444,27.1,30.232077837745617,11.177,2.66595,1.8014208497567996
30.469660446623976,35.6286156068761,1.44,28.4,0.108500037564568,0.6540110679539444,27.1,30.232077837745617,11.177,2.66595,1.8014208497567996
9.394939812930481,13.362408836576,1.44,28.4,0.108500037564568,0.6540110679539444,27.1,30.232077837745617,11.177,2.66595,1.8014208497567996
16.739714008949456,65.3092668710748,1.44,28.4,0.108500037564568,0.6540110679539444,27.1,30.232077837745617,11.177,2.66595,1.8014208497567996
5.761130365633917,18.6031876854574,1.16,29.93,0.255052417496175,0.9041582045111776,26.4,26.283635324457155,5.74,2.06473,2.042556421831462
19.854719504162283,35.9829052814455,1.16,29.93,0.255052417496175,0.9041582045111776,26.4,26.283635324457155,5.74,2.06473,2.042556421831462
6.163550132515974,13.8092628134902,1.16,29.93,0.255052417496175,0.9041582045111776,26.4,26.283635324457155,5.74,2.06473,2.042556421831462
10.915691638778396,65.1982252933852,1.16,29.93,0.255052417496175,0.9041582045111776,26.4,26.283635324457155,5.74,2.06473,2.042556421831462
2.880429978234639,18.1198189288299,0.42,22.17,0.93378368772108,32.98557552426693,18.2,13.93498930122313,2.896,12.64348,1.280336620346421
10.012005280121071,39.8184900794952,0.42,22.17,0.93378368772108,32.98557552426693,18.2,13.93498930122313,2.896,12.64348,1.280336620346421
3.4586987476352884,19.4654075478643,0.42,22.17,0.93378368772108,32.98557552426693,18.2,13.93498930122313,2.896,12.64348,1.280336620346421
5.828791892462869,67.2818641593606,0.42,22.17,0.93378368772108,32.98557552426693,18.2,13.93498930122313,2.896,12.64348,1.280336620346421
8.62103422731671,18.4047730775241,1.16,32.28,0.109884101569135,0.6703025121144381,30.3,30.34051820329224,2.954,1.9824,2.064175300708058
29.905905347092535,39.1669388262296,1.16,32.28,0.109884101569135,0.6703025121144381,30.3,30.34051820329224,2.954,1.9824,2.064175300708058
9.887469529189858,17.8717956371968,1.16,32.28,0.109884101569135,0.6703025121144381,30.3,30.34051820329224,2.954,1.9824,2.064175300708058
16.780150936491232,65.5389596236621,1.16,32.28,0.109884101569135,0.6703025121144381,30.3,30.34051820329224,2.954,1.9824,2.064175300708058
5.908581790367345,18.2913623132318,1.0,30.14,0.229112108711142,1.8133783789789655,27.0,25.455629260875543,2.713,3.2643,1.9490346369757368
20.674351733167395,41.3199899991051,1.0,30.14,0.229112108711142,1.8133783789789655,27.0,25.455629260875543,2.713,3.2643,1.9490346369757368
7.058104937923866,20.3572566279118,1.0,30.14,0.229112108711142,1.8133783789789655,27.0,25.455629260875543,2.713,3.2643,1.9490346369757368
11.718618038704957,66.0475601970286,1.0,30.14,0.229112108711142,1.8133783789789655,27.0,25.455629260875543,2.713,3.2643,1.9490346369757368
5.250224840689363,18.1728623899824,1.19,26.77,0.28386541886056,2.4048362270302657,24.3,25.080517525148704,3.576,4.53391,1.912130134669333
18.610645167738554,43.7614684715618,1.19,26.77,0.28386541886056,2.4048362270302657,24.3,25.080517525148704,3.576,4.53391,1.912130134669333
6.5386713104082315,22.9535943837228,1.19,26.77,0.28386541886056,2.4048362270302657,24.3,25.080517525148704,3.576,4.53391,1.912130134669333
10.620105790787425,66.5695991389078,1.19,26.77,0.28386541886056,2.4048362270302657,24.3,25.080517525148704,3.576,4.53391,1.912130134669333
7.2924828952382565,18.1769674450452,1.33,32.96,0.147248173240959,0.9462034432230391,29.5,28.86852196853441,4.079,2.5404,2.138602932526771
25.998492397316305,44.9491694188664,1.33,32.96,0.147248173240959,0.9462034432230391,29.5,28.86852196853441,4.079,2.5404,2.138602932526771
9.187892290696263,23.9869674463785,1.33,32.96,0.147248173240959,0.9462034432230391,29.5,28.86852196853441,4.079,2.5404,2.138602932526771
8.766517920394545,18.2303169473991,1.32,33.09,0.10290954024583,0.8110769802192114,22.1,25.793422564902883,2.034,2.11118,2.270544724016856
30.993648906306223,43.4544775112038,1.32,33.09,0.10290954024583,0.8110769802192114,22.1,25.793422564902883,2.034,2.11118,2.270544724016856
10.80494450747992,22.5206046335939,1.32,33.09,0.10290954024583,0.8110769802192114,22.1,25.793422564902883,2.034,2.11118,2.270544724016856
3.5891580433860297,18.2176432822041,0.48,28.51,0.612495614103407,13.905701625038715,23.7,16.652996599724723,3.34,8.05063,1.4085426270669728
12.597302243437765,41.8632491901575,0.48,28.51,0.612495614103407,13.905701625038715,23.7,16.652996599724723,3.34,8.05063,1.4085426270669728
4.355038517891504,21.0951596865827,0.48,28.51,0.612495614103407,13.905701625038715,23.7,16.652996599724723,3.34,8.05063,1.4085426270669728
7.008393135739256,63.9749451588392,0.48,28.51,0.612495614103407,13.905701625038715,23.7,16.652996599724723,3.34,8.05063,1.4085426270669728
7.000826277217028,18.4755267219871,1.44,28.08,0.168790080066085,0.8136032843918249,24.2,22.129721519297377,6.662,3.3680700000000003,1.8802453229409264
24.186898715824388,37.7819945525744,1.44,28.08,0.168790080066085,0.8136032843918249,24.2,22.129721519297377,6.662,3.3680700000000003,1.8802453229409264
7.812668564084854,16.2002791587663,1.44,28.08,0.168790080066085,0.8136032843918249,24.2,22.129721519297377,6.662,3.3680700000000003,1.8802453229409264
13.326840650432297,64.2255757366347,1.44,28.08,0.168790080066085,0.8136032843918249,24.2,22.129721519297377,6.662,3.3680700000000003,1.8802453229409264
6.722647457289132,18.5404668523847,1.54,29.46,0.185210588205006,0.7522424298092076,25.5,25.03671814635152,6.66,2.87479,1.984459394187441
23.180067170173004,36.7504367645033,1.54,29.46,0.185210588205006,0.7522424298092076,25.5,25.03671814635152,6.66,2.87479,1.984459394187441
7.333118223478302,14.8723288353341,1.54,29.46,0.185210588205006,0.7522424298092076,25.5,25.03671814635152,6.66,2.87479,1.984459394187441
12.667976422482196,63.9658665306662,1.54,29.46,0.185210588205006,0.7522424298092076,25.5,25.03671814635152,6.66,2.87479,1.984459394187441
6.718342573390945,18.5974826440163,1.19,29.22,0.187359685308252,1.22274551647457,26.8,27.85275428731787,4.964,3.1611100000000003,1.966425043761652
23.142722093481357,35.8727496983689,1.19,29.22,0.187359685308252,1.22274551647457,26.8,27.85275428731787,4.964,3.1611100000000003,1.966425043761652
7.181981071009254,13.7098047701163,1.19,29.22,0.187359685308252,1.22274551647457,26.8,27.85275428731787,4.964,3.1611100000000003,1.966425043761652
12.529538957290072,63.6020033767685,1.19,29.22,0.187359685308252,1.22274551647457,26.8,27.85275428731787,4.964,3.1611100000000003,1.966425043761652
9.050915054713693,18.6570572824965,1.39,31.91,0.104338607017121,0.7853263252323336,30.1,30.478459840852008,5.883,2.70125,2.033710209890218
31.206770968384077,35.4910190037014,1.39,31.91,0.104338607017121,0.7853263252323336,30.1,30.478459840852008,5.883,2.70125,2.033710209890218
9.543332502889232,13.0667866411843,1.39,31.91,0.104338607017121,0.7853263252323336,30.1,30.478459840852008,5.883,2.70125,2.033710209890218
8.548747748775043,18.7286389312041,1.4,30.89,0.118455494800133,0.7886029544380991,28.1,30.70170256284099,5.465,2.63594,1.8559104351736744
29.51032296801958,34.8482742013961,1.4,30.89,0.118455494800133,0.7886029544380991,28.1,30.70170256284099,5.465,2.63594,1.8559104351736744
8.840314336028046,12.0799552814992,1.4,30.89,0.118455494800133,0.7886029544380991,28.1,30.70170256284099,5.465,2.63594,1.8559104351736744
7.414291158857139,18.8209058797491,1.09,29.91,0.160065481271367,1.2933825389798224,24.7,25.79401183156713,4.113,2.77998,1.9735830973402144
25.6634962863711,34.1968764607167,1.09,29.91,0.160065481271367,1.2933825389798224,24.7,25.79401183156713,4.113,2.77998,1.9735830973402144
7.49463477673777,10.9920447451417,1.09,29.91,0.160065481271367,1.2933825389798224,24.7,25.79401183156713,4.113,2.77998,1.9735830973402144
13.529569279284193,63.6941545413659,1.09,29.91,0.160065481271367,1.2933825389798224,24.7,25.79401183156713,4.113,2.77998,1.9735830973402144
6.5173944924758755,19.3467500485244,0.81,26.65,0.22675427545333,2.442259992357485,22.9,22.19746910111509,3.55,3.2486,1.837419830991258
23.198508199511082,32.9093273135965,0.81,26.65,0.22675427545333,2.442259992357485,22.9,22.19746910111509,3.55,3.2486,1.837419830991258
5.999972590268824,7.507719086567,0.81,26.65,0.22675427545333,2.442259992357485,22.9,22.19746910111509,3.55,3.2486,1.837419830991258
11.275706908222029,63.4042417890003,0.81,26.65,0.22675427545333,2.442259992357485,22.9,22.19746910111509,3.55,3.2486,1.837419830991258
8.038514378132895,19.1424093295354,1.16,28.72,0.143980363116871,1.1374051653953134,24.4,22.861488426871865,4.123,2.43763,1.0056311051981914
28.262865374021956,33.0775715869694,1.16,28.72,0.143980363116871,1.1374051653953134,24.4,22.861488426871865,4.123,2.43763,1.0056311051981914
7.633208981984338,8.47621589619021,1.16,28.72,0.143980363116871,1.1374051653953134,24.4,22.861488426871865,4.123,2.43763,1.0056311051981914
14.208343670935285,63.6424759816563,1.16,28.72,0.143980363116871,1.1374051653953134,24.4,22.861488426871865,4.123,2.43763,1.0056311051981914
7.193894302411445,18.8986344251142,1.4,29.73,0.172355878032503,0.7216850943923641,26.2,26.82677122939771,9.215,2.20853,0.361350609627946
24.978576255146063,33.8323083763272,1.4,29.73,0.172355878032503,0.7216850943923641,26.2,26.82677122939771,9.215,2.20853,0.361350609627946
7.152745394210942,10.2784453657034,1.4,29.73,0.172355878032503,0.7216850943923641,26.2,26.82677122939771,9.215,2.20853,0.361350609627946
13.046262089810597,63.8418385811485,1.4,29.73,0.172355878032503,0.7216850943923641,26.2,26.82677122939771,9.215,2.20853,0.361350609627946
6.8983221002775235,19.0090462182047,0.97,30.54,0.191075010253575,1.4930910303804865,24.0,25.95380513830877,4.648,2.00903,2.022026283093597
24.077842215319784,33.3935273774593,0.97,30.54,0.191075010253575,1.4930910303804865,24.0,25.95380513830877,4.648,2.00903,2.022026283093597
6.7072589032836945,9.35086367879142,0.97,30.54,0.191075010253575,1.4930910303804865,24.0,25.95380513830877,4.648,2.00903,2.022026283093597
12.361083035232664,63.7304519709041,0.97,30.54,0.191075010253575,1.4930910303804865,24.0,25.95380513830877,4.648,2.00903,2.022026283093597
7.822301438932241,19.5658588126674,0.82,25.62,0.163262386551154,1.497232584579776,20.6,20.0914915454654,3.827,2.6853200000000004,1.6395802520114109
28.22862177218132,33.0364230793903,0.82,25.62,0.163262386551154,1.497232584579776,20.6,20.0914915454654,3.827,2.6853200000000004,1.6395802520114109
7.003635317384206,6.83628684954791,0.82,25.62,0.163262386551154,1.497232584579776,20.6,20.0914915454654,3.827,2.6853200000000004,1.6395802520114109
9.513960732681245,19.7378671812953,0.92,31.89,0.113521242645571,1.066093544696313,23.6,29.74348583057315,3.489,2.89933,0.6126939422993309
34.703320841835584,33.2920222625,0.92,31.89,0.113521242645571,1.066093544696313,23.6,29.74348583057315,3.489,2.89933,0.6126939422993309
8.358005276678416,6.49575389403388,0.92,31.89,0.113521242645571,1.066093544696313,23.6,29.74348583057315,3.489,2.89933,0.6126939422993309
10.856696743434176,19.8636107147362,1.18,33.31,0.088970833408504,0.6443076506545363,31.7,31.43640490585569,2.297,1.66698,2.2398278531274203
39.908032114213164,33.5286914083226,1.18,33.31,0.088970833408504,0.6443076506545363,31.7,31.43640490585569,2.297,1.66698,2.2398278531274203
9.415256574940841,6.30657834509406,1.18,33.31,0.088970833408504,0.6443076506545363,31.7,31.43640490585569,2.297,1.66698,2.2398278531274203
17.877872173918195,63.062998116425,1.18,33.31,0.088970833408504,0.6443076506545363,31.7,31.43640490585569,2.297,1.66698,2.2398278531274203
10.374765466570599,19.8883670304812,1.08,28.41,0.097817596798196,0.6741126189906915,28.4,29.22818136220882,3.175,1.86995,1.967317758159112
38.195525883991195,33.5699510553105,1.08,28.41,0.097817596798196,0.6741126189906915,28.4,29.22818136220882,3.175,1.86995,1.967317758159112
8.973784792313946,6.26326143926369,1.08,28.41,0.097817596798196,0.6741126189906915,28.4,29.22818136220882,3.175,1.86995,1.967317758159112
17.010706659038895,62.8657983547848,1.08,28.41,0.097817596798196,0.6741126189906915,28.4,29.22818136220882,3.175,1.86995,1.967317758159112
2.188446112141969,17.9615951639184,0.58,29.35,1.57004596607489,10.965544204092572,23.9,16.478182297587693,2.995,8.0909,1.325883280517539
7.574939113709611,39.0738591548159,0.58,29.35,1.57004596607489,10.965544204092572,23.9,16.478182297587693,2.995,8.0909,1.325883280517539
2.661183256217132,19.2750023573668,0.58,29.35,1.57004596607489,10.965544204092572,23.9,16.478182297587693,2.995,8.0909,1.325883280517539
4.144285035782306,59.5475357450135,0.58,29.35,1.57004596607489,10.965544204092572,23.9,16.478182297587693,2.995,8.0909,1.325883280517539
3.9755064602345143,18.091874754658,0.79,26.81,0.48763872649076,4.032729320860468,18.8,17.138243899750034,2.983,6.19774,1.5154051805688202
13.585668381636422,36.7372262148518,0.79,26.81,0.48763872649076,4.032729320860468,18.8,17.138243899750034,2.983,6.19774,1.5154051805688202
4.6135306093625505,16.4940603057145,0.79,26.81,0.48763872649076,4.032729320860468,18.8,17.138243899750034,2.983,6.19774,1.5154051805688202
7.438292576409934,59.6480954432668,0.79,26.81,0.48763872649076,4.032729320860468,18.8,17.138243899750034,2.983,6.19774,1.5154051805688202
2.6223474820905257,17.7841841804304,0.58,28.84,1.056863127733613,12.871372371893568,23.0,16.010430372430694,2.949,9.40981,1.293330714482485
9.131577082772745,39.8656895735942,0.58,28.84,1.056863127733613,12.871372371893568,23.0,16.010430372430694,2.949,9.40981,1.293330714482485
3.2958920805393235,20.6011751517228,0.58,28.84,1.056863127733613,12.871372371893568,23.0,16.010430372430694,2.949,9.40981,1.293330714482485
4.978124716288926,58.2197607843266,0.58,28.84,1.056863127733613,12.871372371893568,23.0,16.010430372430694,2.949,9.40981,1.293330714482485
7.362706028696896,17.6908873141824,1.41,31.49,0.131657948040297,0.6581463306104681,26.5,27.57604145720551,2.841,2.85482,1.9197361077815769
25.034235417720744,36.6849917875562,1.41,31.49,0.131657948040297,0.6581463306104681,26.5,27.57604145720551,2.841,2.85482,1.9197361077815769
9.036446280753983,17.903169758583,1.41,31.49,0.131657948040297,0.6581463306104681,26.5,27.57604145720551,2.841,2.85482,1.9197361077815769
5.084575529989556,17.664880393358,1.11,31.47,0.274665425373882,2.290867577205615,29.9,27.69598300805902,3.754,3.73038,1.987472155849337
17.46394208228556,37.9800825135509,1.11,31.47,0.274665425373882,2.290867577205615,29.9,27.69598300805902,3.754,3.73038,1.987472155849337
6.360352851611633,19.247042885609,1.11,31.47,0.274665425373882,2.290867577205615,29.9,27.69598300805902,3.754,3.73038,1.987472155849337
9.613060749420846,56.6659664096061,1.11,31.47,0.274665425373882,2.290867577205615,29.9,27.69598300805902,3.754,3.73038,1.987472155849337
2.093954491010612,17.7465835996338,0.27,25.88,1.645502897025093,74.59129295689381,20.3,10.038114511661917,2.995,20.47876,0.960985178441072
7.854857051336074,50.315202813673,0.27,25.88,1.645502897025093,74.59129295689381,20.3,10.038114511661917,2.995,20.47876,0.960985178441072
2.908871593081227,29.0586311478472,0.27,25.88,1.645502897025093,74.59129295689381,20.3,10.038114511661917,2.995,20.47876,0.960985178441072
4.313766050473558,64.3855301858092,0.27,25.88,1.645502897025093,74.59129295689381,20.3,10.038114511661917,2.995,20.47876,0.960985178441072
4.017952469738477,17.6102742163115,0.94,30.12,0.435159127596195,4.7745615683676865,25.8,21.89354000101118,3.165,6.28213,1.7209230697234037
13.895442082910265,38.8146391340687,0.94,30.12,0.435159127596195,4.7745615683676865,25.8,21.89354000101118,3.165,6.28213,1.7209230697234037
5.112419106154368,20.2113432671221,0.94,30.12,0.435159127596195,4.7745615683676865,25.8,21.89354000101118,3.165,6.28213,1.7209230697234037
7.630725598575101,56.5910252961159,0.94,30.12,0.435159127596195,4.7745615683676865,25.8,21.89354000101118,3.165,6.28213,1.7209230697234037
2.397263229424757,17.4847159046754,0.38,26.28,1.192409819858786,34.79206227392982,20.1,10.752033398851562,2.963,15.79405,1.1367667773786985
8.559135417818755,42.3720182195512,0.38,26.28,1.192409819858786,34.79206227392982,20.1,10.752033398851562,2.963,15.79405,1.1367667773786985
3.2168061980373404,23.6667535907636,0.38,26.28,1.192409819858786,34.79206227392982,20.1,10.752033398851562,2.963,15.79405,1.1367667773786985
4.650097667119336,57.9384007630396,0.38,26.28,1.192409819858786,34.79206227392982,20.1,10.752033398851562,2.963,15.79405,1.1367667773786985
3.9889571717369465,17.3508125793373,0.61,30.31,0.419246804201308,9.793271805463657,27.1,17.53851514394934,3.674,6.25281,1.5486189589287689
13.950911728312908,39.7711931715031,0.61,30.31,0.419246804201308,9.793271805463657,27.1,17.53851514394934,3.674,6.25281,1.5486189589287689
5.31483862023248,21.9079566970639,0.61,30.31,0.419246804201308,9.793271805463657,27.1,17.53851514394934,3.674,6.25281,1.5486189589287689
7.7442936830163065,56.7723291092611,0.61,30.31,0.419246804201308,9.793271805463657,27.1,17.53851514394934,3.674,6.25281,1.5486189589287689
2.6392012094407202,17.4508738886212,0.35,26.54,0.977187104843826,27.945124046827047,20.7,12.660977008971573,2.676,10.99544,1.146987770998866
10.06907846276013,50.0826396840608,0.35,26.54,0.977187104843826,27.945124046827047,20.7,12.660977008971573,2.676,10.99544,1.146987770998866
3.7862054064802764,29.3384312458132,0.35,26.54,0.977187104843826,27.945124046827047,20.7,12.660977008971573,2.676,10.99544,1.146987770998866
5.464441814383568,64.8459895305981,0.35,26.54,0.977187104843826,27.945124046827047,20.7,12.660977008971573,2.676,10.99544,1.146987770998866
4.158883932150861,17.4489554115274,0.94,24.82,0.393371137903145,1.6901111701162594,20.7,20.71960654024281,3.248,3.52587,1.7274209185953229
16.215433057576284,52.7392170824356,0.94,24.82,0.393371137903145,1.6901111701162594,20.7,20.71960654024281,3.248,3.52587,1.7274209185953229
6.0756833714927385,31.0110557684872,0.94,24.82,0.393371137903145,1.6901111701162594,20.7,20.71960654024281,3.248,3.52587,1.7274209185953229
8.933502863746206,68.3552092320044,0.94,24.82,0.393371137903145,1.6901111701162594,20.7,20.71960654024281,3.248,3.52587,1.7274209185953229
3.2275898919061667,17.4916048217646,0.79,29.35,0.658713232154471,6.7847436315852745,25.7,18.29222715808345,3.465,7.34444,1.610591313699835
12.635892512962545,53.6776293217587,0.79,29.35,0.658713232154471,6.7847436315852745,25.7,18.29222715808345,3.465,7.34444,1.610591313699835
4.721525575480698,31.5389908782633,0.79,29.35,0.658713232154471,6.7847436315852745,25.7,18.29222715808345,3.465,7.34444,1.610591313699835
6.9704719339740615,67.8448522512381,0.79,29.35,0.658713232154471,6.7847436315852745,25.7,18.29222715808345,3.465,7.34444,1.610591313699835
2.730514055623079,17.5523014014967,0.73,31.92,0.931533845661884,9.341233098109742,26.7,19.587633917197536,2.962,8.356770000000001,1.5463142948799975
10.693989904180949,54.3728558170082,0.73,31.92,0.931533845661884,9.341233098109742,26.7,19.587633917197536,2.962,8.356770000000001,1.5463142948799975
3.9859632289456597,31.9099069758423,0.73,31.92,0.931533845661884,9.341233098109742,26.7,19.587633917197536,2.962,8.356770000000001,1.5463142948799975
5.9031840790242125,67.0579028635279,0.73,31.92,0.931533845661884,9.341233098109742,26.7,19.587633917197536,2.962,8.356770000000001,1.5463142948799975
4.814639726846475,17.5862904079154,0.96,32.1,0.301631940589344,4.598086405706613,29.1,26.931164870356803,4.45,6.08884,1.7113690791552885
19.00754495071595,55.8462639893945,0.96,32.1,0.301631940589344,4.598086405706613,29.1,26.931164870356803,4.45,6.08884,1.7113690791552885
7.06799223659548,32.7657674411073,0.96,32.1,0.301631940589344,4.598086405706613,29.1,26.931164870356803,4.45,6.08884,1.7113690791552885
10.531095175352096,67.0690259192835,0.96,32.1,0.301631940589344,4.598086405706613,29.1,26.931164870356803,4.45,6.08884,1.7113690791552885
7.147603883344766,17.587544935476,1.14,31.58,0.136896221432563,1.3122425936410753,29.5,27.96936196377036,4.885,2.40806,2.008242868071307
28.410569123627614,56.8016733918089,1.14,31.58,0.136896221432563,1.3122425936410753,29.5,27.96936196377036,4.885,2.40806,2.008242868071307
10.552338446376034,33.3203059041337,1.14,31.58,0.136896221432563,1.3122425936410753,29.5,27.96936196377036,4.885,2.40806,2.008242868071307
15.766817121487062,67.0370224115179,1.14,31.58,0.136896221432563,1.3122425936410753,29.5,27.96936196377036,4.885,2.40806,2.008242868071307
4.601199918073579,17.6502050282801,1.03,28.97,0.334443241953167,3.6754185855100343,26.5,25.13340471756804,4.598,5.13727,1.858271514070172
18.19560401359788,56.8930848832623,1.03,28.97,0.334443241953167,3.6754185855100343,26.5,25.13340471756804,4.598,5.13727,1.858271514070172
6.753741321991527,33.3560320949081,1.03,28.97,0.334443241953167,3.6754185855100343,26.5,25.13340471756804,4.598,5.13727,1.858271514070172
10.098336457124873,66.6911154895082,1.03,28.97,0.334443241953167,3.6754185855100343,26.5,25.13340471756804,4.598,5.13727,1.858271514070172
4.901392177398132,18.0053289675649,0.84,28.47,0.315610518181668,4.4732165802043165,26.4,23.461747139563904,3.134,5.13479,1.7957613563897386
17.870056336834764,47.9921308682671,0.84,28.47,0.315610518181668,4.4732165802043165,26.4,23.461747139563904,3.134,5.13479,1.7957613563897386
6.485249845803515,26.8881587002692,0.84,28.47,0.315610518181668,4.4732165802043165,26.4,23.461747139563904,3.134,5.13479,1.7957613563897386
10.194813838759984,67.1157685297442,0.84,28.47,0.315610518181668,4.4732165802043165,26.4,23.461747139563904,3.134,5.13479,1.7957613563897386
5.284894911213237,18.1060378338624,1.13,27.14,0.276672264365273,2.3710677702263303,22.8,23.205880757783188,2.661,4.457140000000001,1.8836333769781224
19.047732366742014,46.6510053649767,1.13,27.14,0.276672264365273,2.3710677702263303,22.8,23.205880757783188,2.661,4.457140000000001,1.8836333769781224
6.827016742737015,25.5971249540832,1.13,27.14,0.276672264365273,2.3710677702263303,22.8,23.205880757783188,2.661,4.457140000000001,1.8836333769781224
10.689372741558044,65.4652571825978,1.13,27.14,0.276672264365273,2.3710677702263303,22.8,23.205880757783188,2.661,4.457140000000001,1.8836333769781224
3.9157104484053153,17.9064720110605,0.61,26.48,0.485284083594083,8.350489624037971,24.7,17.86469736574542,2.714,7.47963,1.45449443067267
14.564693120693827,50.5037621484519,0.61,26.48,0.485284083594083,8.350489624037971,24.7,17.86469736574542,2.714,7.47963,1.45449443067267
5.350427454030529,28.9554718445456,0.61,26.48,0.485284083594083,8.350489624037971,24.7,17.86469736574542,2.714,7.47963,1.45449443067267
8.277494685387186,67.3628346599789,0.61,26.48,0.485284083594083,8.350489624037971,24.7,17.86469736574542,2.714,7.47963,1.45449443067267
4.848175765099114,17.8012271061695,1.14,29.71,0.310222855011719,2.00983240301054,26.4,25.48740780588656,3.577,3.64457,2.022124915456893
18.875389037631695,56.6003730185276,1.14,29.71,0.310222855011719,2.00983240301054,26.4,25.48740780588656,3.577,3.64457,2.022124915456893
6.9963247530098265,33.1348789638154,1.14,29.71,0.310222855011719,2.00983240301054,26.4,25.48740780588656,3.577,3.64457,2.022124915456893
10.503422133665564,66.5584070186753,1.14,29.71,0.310222855011719,2.00983240301054,26.4,25.48740780588656,3.577,3.64457,2.022124915456893
5.55195807573776,17.7649898687274,1.41,28.38,0.234904904441821,1.375184091421741,26.7,25.462002385118623,3.418,3.36691,1.98700978896104
21.774713430375858,57.2363775350572,1.41,28.38,0.234904904441821,1.375184091421741,26.7,25.462002385118623,3.418,3.36691,1.98700978896104
8.07334073960825,33.5321366088162,1.41,28.38,0.234904904441821,1.375184091421741,26.7,25.462002385118623,3.418,3.36691,1.98700978896104
12.103784967233462,66.5172829353146,1.41,28.38,0.234904904441821,1.375184091421741,26.7,25.462002385118623,3.418,3.36691,1.98700978896104
2.414024290510444,17.4026083114884,0.36,25.2,1.156744337949754,59.649212900159924,18.6,12.935976692143411,2.947,17.865740000000002,1.18349234917921
9.54348387856759,53.9923793547523,0.36,25.2,1.156744337949754,59.649212900159924,18.6,12.935976692143411,2.947,17.865740000000002,1.18349234917921
3.572672221636703,31.7962717944242,0.36,25.2,1.156744337949754,59.649212900159924,18.6,12.935976692143411,2.947,17.865740000000002,1.18349234917921
5.446282475585206,78.764756700256,0.36,25.2,1.156744337949754,59.649212900159924,18.6,12.935976692143411,2.947,17.865740000000002,1.18349234917921
1.6472056195223108,17.4071864195783,0.51,24.96,2.486706184760112,19.99678481726236,19.3,13.104908672601123,2.805,11.63383,1.3323397611613916
6.5394006459372855,54.5563391022666,0.51,24.96,2.486706184760112,19.99678481726236,19.3,13.104908672601123,2.805,11.63383,1.3323397611613916
2.4449717022605784,32.118323526928,0.51,24.96,2.486706184760112,19.99678481726236,19.3,13.104908672601123,2.805,11.63383,1.3323397611613916
3.696131321831237,76.6963034329099,0.51,24.96,2.486706184760112,19.99678481726236,19.3,13.104908672601123,2.805,11.63383,1.3323397611613916
6.492790283580767,17.4293145969864,1.0,25.0,0.160762779291422,0.8106602634165156,20.8,21.00378353163841,2.393,2.6051,1.708042913767751
25.285666973947095,52.4099312076783,1.0,25.0,0.160762779291422,0.8106602634165156,20.8,21.00378353163841,2.393,2.6051,1.708042913767751
9.485706774208486,30.8308674742107,1.0,25.0,0.160762779291422,0.8106602634165156,20.8,21.00378353163841,2.393,2.6051,1.708042913767751
13.936095176004605,68.8023006272884,1.0,25.0,0.160762779291422,0.8106602634165156,20.8,21.00378353163841,2.393,2.6051,1.708042913767751
3.9626128488691417,17.5149106952223,0.86,24.83,0.439039296203058,3.5770208628656825,19.7,18.095568460732764,3.344,5.56516,1.480907040818458
15.884316577814051,57.030317977642,0.86,24.83,0.439039296203058,3.5770208628656825,19.7,18.095568460732764,3.344,5.56516,1.480907040818458
5.901494232117492,33.4687213126731,0.86,24.83,0.439039296203058,3.5770208628656825,19.7,18.095568460732764,3.344,5.56516,1.480907040818458
8.840760125659646,68.096309238486,0.86,24.83,0.439039296203058,3.5770208628656825,19.7,18.095568460732764,3.344,5.56516,1.480907040818458
4.330601130226577,17.5254340151439,0.79,27.59,0.368364682743144,1.7482133440686194,21.9,20.83656612697873,3.135,3.32355,1.694620607469659
17.34182584133758,57.0268843768375,0.79,27.59,0.368364682743144,1.7482133440686194,21.9,20.83656612697873,3.135,3.32355,1.694620607469659
6.44250470163025,33.4642944279411,0.79,27.59,0.368364682743144,1.7482133440686194,21.9,20.83656612697873,3.135,3.32355,1.694620607469659
9.64299373998632,67.7978966424287,0.79,27.59,0.368364682743144,1.7482133440686194,21.9,20.83656612697873,3.135,3.32355,1.694620607469659
3.2226778774074365,17.5725624866682,0.44,28.02,0.671419524040567,14.973125172516868,22.2,15.314062332176276,2.889,7.86219,1.3286556764076154
10.479138711847526,31.6567519159352,0.44,28.02,0.671419524040567,14.973125172516868,22.2,15.314062332176276,2.889,7.86219,1.3286556764076154
3.761382300624282,13.0531211673642,0.44,28.02,0.671419524040567,14.973125172516868,22.2,15.314062332176276,2.889,7.86219,1.3286556764076154
6.173955549602507,57.2816566218036,0.44,28.02,0.671419524040567,14.973125172516868,22.2,15.314062332176276,2.889,7.86219,1.3286556764076154
3.3994820315366843,17.2785345069573,0.43,28.05,0.568851440629808,15.98884229717158,24.5,16.24838925206535,3.044,10.2468,1.13460247930611
11.22000972085636,33.9715181030723,0.43,28.05,0.568851440629808,15.98884229717158,24.5,16.24838925206535,3.044,10.2468,1.13460247930611
4.285779823410601,16.7590492192001,0.43,28.05,0.568851440629808,15.98884229717158,24.5,16.24838925206535,3.044,10.2468,1.13460247930611
6.640660583798443,56.0771267702132,0.43,28.05,0.568851440629808,15.98884229717158,24.5,16.24838925206535,3.044,10.2468,1.13460247930611
3.3984575900921885,17.1745965406044,0.75,24.59,0.557219496696428,7.525455768455028,18.5,17.663161130858693,2.899,7.5943,1.538365117277219
11.31543125997575,34.9039252137563,0.75,24.59,0.557219496696428,7.525455768455028,18.5,17.663161130858693,2.899,7.5943,1.538365117277219
4.403210250408297,18.1009272923567,0.75,24.59,0.557219496696428,7.525455768455028,18.5,17.663161130858693,2.899,7.5943,1.538365117277219
6.709612619701939,56.3632895355026,0.75,24.59,0.557219496696428,7.525455768455028,18.5,17.663161130858693,2.899,7.5943,1.538365117277219
6.168495664970715,17.4216865531156,0.91,33.21,0.177838398262427,2.0939985326540858,30.6,28.61204448271848,2.837,3.06275,2.003825941422844
20.519626809205384,34.5301686240507,0.91,33.21,0.177838398262427,2.0939985326540858,30.6,28.61204448271848,2.837,3.06275,2.003825941422844
7.665419140485214,16.7626064071806,0.91,33.21,0.177838398262427,2.0939985326540858,30.6,28.61204448271848,2.837,3.06275,2.003825941422844
11.86707191986429,55.9100707194077,0.91,33.21,0.177838398262427,2.0939985326540858,30.6,28.61204448271848,2.837,3.06275,2.003825941422844
3.5006361850129424,17.5130959404716,0.95,32.58,0.562362172343126,1.79494657740922,26.3,23.17166575884583,3.298,3.22444,1.889111778048268
11.675847163015742,34.6594998943253,0.95,32.58,0.562362172343126,1.79494657740922,26.3,23.17166575884583,3.298,3.22444,1.889111778048268
4.298466952291937,16.5377998427272,0.95,32.58,0.562362172343126,1.79494657740922,26.3,23.17166575884583,3.298,3.22444,1.889111778048268
6.679683907330369,56.0255545252734,0.95,32.58,0.562362172343126,1.79494657740922,26.3,23.17166575884583,3.298,3.22444,1.889111778048268
4.817793939866327,17.4786805227747,0.97,32.35,0.294875017525071,2.745501770298158,28.0,25.48798760544735,3.387,4.06307,1.9235061286478217
15.89335447198993,33.5347037654828,0.97,32.35,0.294875017525071,2.745501770298158,28.0,25.48798760544735,3.387,4.06307,1.9235061286478217
5.858653260584525,15.5009061311745,0.97,32.35,0.294875017525071,2.745501770298158,28.0,25.48798760544735,3.387,4.06307,1.9235061286478217
9.239277125876567,56.2460043484442,0.97,32.35,0.294875017525071,2.745501770298158,28.0,25.48798760544735,3.387,4.06307,1.9235061286478217
4.254237139985914,17.5805267963273,0.55,24.71,0.385893531297968,5.93128920200245,19.6,16.69484405150097,3.313,5.63765,1.47639409356913
17.00463878834184,57.4849000414064,0.55,24.71,0.385893531297968,5.93128920200245,19.6,16.69484405150097,3.313,5.63765,1.47639409356913
6.310591004302771,33.710959258388,0.55,24.71,0.385893531297968,5.93128920200245,19.6,16.69484405150097,3.313,5.63765,1.47639409356913
9.462508648239435,67.120235624778,0.55,24.71,0.385893531297968,5.93128920200245,19.6,16.69484405150097,3.313,5.63765,1.47639409356913
5.621789594635574,17.5740065875627,1.22,31.95,0.220700080821834,1.6750318690934218,23.9,23.105413119102245,3.104,3.94005,1.9179294196210503
18.620333125127736,33.7402365492022,1.22,31.95,0.220700080821834,1.6750318690934218,23.9,23.105413119102245,3.104,3.94005,1.9179294196210503
6.757851253918943,15.337320502191,1.22,31.95,0.220700080821834,1.6750318690934218,23.9,23.105413119102245,3.104,3.94005,1.9179294196210503
10.69656875738804,56.4239844933576,1.22,31.95,0.220700080821834,1.6750318690934218,23.9,23.105413119102245,3.104,3.94005,1.9179294196210503
4.88758353048118,17.629997341763,1.12,33.89,0.295225435896603,1.747794648305062,28.3,26.738754045620084,2.741,3.18524,1.8743961575404195
16.179465073478116,33.5174402430273,1.12,33.89,0.295225435896603,1.747794648305062,28.3,26.738754045620084,2.741,3.18524,1.8743961575404195
5.808464164094421,14.875303742168,1.12,33.89,0.295225435896603,1.747794648305062,28.3,26.738754045620084,2.741,3.18524,1.8743961575404195
9.26852049342819,56.6780226690264,1.12,33.89,0.295225435896603,1.747794648305062,28.3,26.738754045620084,2.741,3.18524,1.8743961575404195
4.395718797329027,17.1933133154173,0.99,27.36,0.334349256288544,3.3254449758714206,25.2,22.16336675487588,3.163,5.40864,1.7600005040538225
14.8100439563666,35.9798694533928,0.99,27.36,0.334349256288544,3.3254449758714206,25.2,22.16336675487588,3.163,5.40864,1.7600005040538225
5.751717351300235,19.0608084775668,0.99,27.36,0.334349256288544,3.3254449758714206,25.2,22.16336675487588,3.163,5.40864,1.7600005040538225
8.652641199013836,56.3883488603302,0.99,27.36,0.334349256288544,3.3254449758714206,25.2,22.16336675487588,3.163,5.40864,1.7600005040538225
5.1899399575127,17.236481761428,1.23,28.4,0.241977699659577,1.6312394225803921,25.8,23.54565107103916,3.329,4.26274,1.840354419460716
17.51509857646631,36.1266861330727,1.23,28.4,0.241977699659577,1.6312394225803921,25.8,23.54565107103916,3.329,4.26274,1.840354419460716
6.759106586277296,19.0380186568246,1.23,28.4,0.241977699659577,1.6312394225803921,25.8,23.54565107103916,3.329,4.26274,1.840354419460716
10.177056233228742,56.2511506147856,1.23,28.4,0.241977699659577,1.6312394225803921,25.8,23.54565107103916,3.329,4.26274,1.840354419460716
5.306763238045317,17.1881567378777,1.12,30.6,0.229161114377402,2.140465610310649,27.5,25.637716300391062,4.406,4.05745,1.859405003067051
17.954830152324075,36.3705097191173,1.12,30.6,0.229161114377402,2.140465610310649,27.5,25.637716300391062,4.406,4.05745,1.859405003067051
6.980055952197821,19.4452054703425,1.12,30.6,0.229161114377402,2.140465610310649,27.5,25.637716300391062,4.406,4.05745,1.859405003067051
10.439968677849718,56.4352453635597,1.12,30.6,0.229161114377402,2.140465610310649,27.5,25.637716300391062,4.406,4.05745,1.859405003067051
6.986356165131241,17.2051868218561,1.25,33.91,0.132683392207517,0.806323608662409,28.4,26.844724505457386,6.164,2.24892,1.7365076968559956
23.798153693341224,37.0071121663681,1.25,33.91,0.132683392207517,0.806323608662409,28.4,26.844724505457386,6.164,2.24892,1.7365076968559956
9.231475537589894,19.9683976218125,1.25,33.91,0.132683392207517,0.806323608662409,28.4,26.844724505457386,6.164,2.24892,1.7365076968559956
13.706071869256984,56.439351132843,1.25,33.91,0.132683392207517,0.806323608662409,28.4,26.844724505457386,6.164,2.24892,1.7365076968559956
4.189981742454379,17.4211205316251,0.94,26.78,0.385398925719565,3.4156202371721203,23.3,20.853388611074127,3.844,5.24553,1.7591503137337436
16.627709924593603,54.6548223540079,0.94,26.78,0.385398925719565,3.4156202371721203,23.3,20.853388611074127,3.844,5.24553,1.7591503137337436
6.2136517584356135,32.1656208517567,0.94,26.78,0.385398925719565,3.4156202371721203,23.3,20.853388611074127,3.844,5.24553,1.7591503137337436
9.331344847373586,73.7855485689319,0.94,26.78,0.385398925719565,3.4156202371721203,23.3,20.853388611074127,3.844,5.24553,1.7591503137337436
4.843965688719458,17.491794983039,0.76,24.43,0.292460631270303,2.451715487436679,18.4,18.47364970834997,3.32,4.0439,1.6447632803763104
19.357478272124677,56.3403151823783,0.76,24.43,0.292460631270303,2.451715487436679,18.4,18.47364970834997,3.32,4.0439,1.6447632803763104
7.202171550047395,33.0885138862609,0.76,24.43,0.292460631270303,2.451715487436679,18.4,18.47364970834997,3.32,4.0439,1.6447632803763104
10.779367972773887,69.0433527943811,0.76,24.43,0.292460631270303,2.451715487436679,18.4,18.47364970834997,3.32,4.0439,1.6447632803763104
5.782676828954444,17.6996496983386,1.1,29.86,0.213799669914053,2.7528064469426123,27.5,25.341722889878344,4.007,4.651,1.907929217075497
22.891019461064804,57.7181815240679,1.1,29.86,0.213799669914053,2.7528064469426123,27.5,25.341722889878344,4.007,4.651,1.907929217075497
8.488429171491813,33.8282990810769,1.1,29.86,0.213799669914053,2.7528064469426123,27.5,25.341722889878344,4.007,4.651,1.907929217075497
5.329093014120184,17.6784434098556,1.29,30.32,0.250702878931522,2.246902312063363,28.6,26.327962313682416,4.878,4.96278,1.8985722229278383
21.103082863698702,57.474876029903,1.29,30.32,0.250702878931522,2.246902312063363,28.6,26.327962313682416,4.878,4.96278,1.8985722229278383
7.827581238818035,33.6894821491318,1.29,30.32,0.250702878931522,2.246902312063363,28.6,26.327962313682416,4.878,4.96278,1.8985722229278383
11.717825221098918,66.549940919667,1.29,30.32,0.250702878931522,2.246902312063363,28.6,26.327962313682416,4.878,4.96278,1.8985722229278383
5.96659451471708,17.391227632715,0.67,23.4,0.188918207541507,1.329862153653784,19.7,18.183636426512127,3.218,2.822,1.5775925389561902
23.303619498140254,52.4099353934573,0.67,23.4,0.188918207541507,1.329862153653784,19.7,18.183636426512127,3.218,2.822,1.5775925389561902
8.754081666183193,30.8708223505728,0.67,23.4,0.188918207541507,1.329862153653784,19.7,18.183636426512127,3.218,2.822,1.5775925389561902
12.955374762616753,71.6868373170756,0.67,23.4,0.188918207541507,1.329862153653784,19.7,18.183636426512127,3.218,2.822,1.5775925389561902
4.145265889450559,17.3733587428049,0.67,23.37,0.389995348575781,1.3318927105294318,19.0,18.0620927528011,3.364,2.86098,1.491319520032562
16.11120787150859,51.6680606674844,0.67,23.37,0.389995348575781,1.3318927105294318,19.0,18.0620927528011,3.364,2.86098,1.491319520032562
6.064866168990825,30.4406420480552,0.67,23.37,0.389995348575781,1.3318927105294318,19.0,18.0620927528011,3.364,2.86098,1.491319520032562
4.113476907070834,17.3589478598326,0.88,21.79,0.394896957806612,1.4529799758041397,16.0,16.20273484653442,3.427,3.77599,1.596815545115046
15.94617797162493,51.2395160476295,0.88,21.79,0.394896957806612,1.4529799758041397,16.0,16.20273484653442,3.427,3.77599,1.596815545115046
6.011274319896694,30.1953683084336,0.88,21.79,0.394896957806612,1.4529799758041397,16.0,16.20273484653442,3.427,3.77599,1.596815545115046
4.997170787349567,17.3470437032413,0.82,25.3,0.266937396132589,1.8389041400748372,20.9,19.096877819997577,5.008,3.7322,1.649034835600464
19.310963892674526,50.7747527790244,0.82,25.3,0.266937396132589,1.8389041400748372,20.9,19.096877819997577,5.008,3.7322,1.649034835600464
7.290103558821508,29.9234703581181,0.82,25.3,0.266937396132589,1.8389041400748372,20.9,19.096877819997577,5.008,3.7322,1.649034835600464
7.374229172409966,17.4112714954269,0.71,25.76,0.124177560057229,0.532973703125518,15.2,14.659176933907922,2.383,1.45988,1.670620358043462
28.911557578396486,53.0605786753175,0.71,25.76,0.124177560057229,0.532973703125518,15.2,14.659176933907922,2.383,1.45988,1.670620358043462
10.840162300088174,31.240800669224,0.71,25.76,0.124177560057229,0.532973703125518,15.2,14.659176933907922,2.383,1.45988,1.670620358043462
16.070683087387913,71.2575132241253,0.71,25.76,0.124177560057229,0.532973703125518,15.2,14.659176933907922,2.383,1.45988,1.670620358043462
5.956661735264828,17.403305565642,0.96,32.42,0.190009636184477,2.890774919138768,29.4,28.15793280430856,4.279,3.42613,2.102446998585185
23.565009651129362,54.0839949465929,0.96,32.42,0.190009636184477,2.890774919138768,29.4,28.15793280430856,4.279,3.42613,2.102446998585185
8.819931051206474,31.8488755549865,0.96,32.42,0.190009636184477,2.890774919138768,29.4,28.15793280430856,4.279,3.42613,2.102446998585185
13.25682988442979,75.1433322530836,0.96,32.42,0.190009636184477,2.890774919138768,29.4,28.15793280430856,4.279,3.42613,2.102446998585185
4.166517029429748,17.5622063741866,0.68,22.0,0.400859661020706,1.627530796866892,14.0,14.274825836068466,4.049,2.77061,1.4578528229603165
16.718132494341454,57.7731562113388,0.68,22.0,0.400859661020706,1.627530796866892,14.0,14.274825836068466,4.049,2.77061,1.4578528229603165
6.202182693805098,33.8750661695315,0.68,22.0,0.400859661020706,1.627530796866892,14.0,14.274825836068466,4.049,2.77061,1.4578528229603165
9.288608396087293,66.8784230448137,0.68,22.0,0.400859661020706,1.627530796866892,14.0,14.274825836068466,4.049,2.77061,1.4578528229603165
6.645123663232131,17.9205035536655,1.02,32.64,0.168956860483268,1.6219954591339527,30.8,28.25874160122613,2.855,3.08218,1.9423439453788007
22.01948518744609,32.450551964599,1.02,32.64,0.168956860483268,1.6219954591339527,30.8,28.25874160122613,2.855,3.08218,1.9423439453788007
7.446177877307368,12.5261233467393,1.02,32.64,0.168956860483268,1.6219954591339527,30.8,28.25874160122613,2.855,3.08218,1.9423439453788007
12.412667934604576,58.1332259318946,1.02,32.64,0.168956860483268,1.6219954591339527,30.8,28.25874160122613,2.855,3.08218,1.9423439453788007
6.103836167958887,18.1280180791861,1.46,31.3,0.208267927746907,1.3873199930381812,30.0,29.64712095751586,3.525,3.4039200000000003,2.1655532098987904
21.843406420245696,45.4201136144124,1.46,31.3,0.208267927746907,1.3873199930381812,30.0,29.64712095751586,3.525,3.4039200000000003,2.1655532098987904
7.772347088036284,24.5133368296351,1.46,31.3,0.208267927746907,1.3873199930381812,30.0,29.64712095751586,3.525,3.4039200000000003,2.1655532098987904
12.444315013312789,66.6208318376,1.46,31.3,0.208267927746907,1.3873199930381812,30.0,29.64712095751586,3.525,3.4039200000000003,2.1655532098987904
9.027855885068693,18.0563877272292,1.54,33.29,0.093931788530721,0.8111540937475102,31.5,31.741002212010564,3.994,3.1258000000000004,2.0110779421398126
32.85668209078295,48.095784441772,1.54,33.29,0.093931788530721,0.8111540937475102,31.5,31.741002212010564,3.994,3.1258000000000004,2.0110779421398126
11.885248873380947,26.8699902795812,1.54,33.29,0.093931788530721,0.8111540937475102,31.5,31.741002212010564,3.994,3.1258000000000004,2.0110779421398126
18.64697200433788,66.712442939596,1.54,33.29,0.093931788530721,0.8111540937475102,31.5,31.741002212010564,3.994,3.1258000000000004,2.0110779421398126
10.43640911260994,18.1019518578018,1.83,36.21,0.070892946631719,0.5658893199177403,33.8,34.83802253719057,2.068,2.21095,2.312508492471649
37.64711834311233,46.7862416857,1.83,36.21,0.070892946631719,0.5658893199177403,33.8,34.83802253719057,2.068,2.21095,2.312508492471649
13.50526961638072,25.7176586573521,1.83,36.21,0.070892946631719,0.5658893199177403,33.8,34.83802253719057,2.068,2.21095,2.312508492471649
21.378439241293044,66.5559415013443,1.83,36.21,0.070892946631719,0.5658893199177403,33.8,34.83802253719057,2.068,2.21095,2.312508492471649
10.23260782289887,17.8580630597929,1.42,29.04,0.070406701632192,0.4825024428021023,26.2,32.5399546121969,6.218,2.27873,1.99914723065536
39.33378064408053,55.3347569550015,1.42,29.04,0.070406701632192,0.4825024428021023,26.2,32.5399546121969,6.218,2.27873,1.99914723065536
14.559905118194417,32.3109713745506,1.42,29.04,0.070406701632192,0.4825024428021023,26.2,32.5399546121969,6.218,2.27873,1.99914723065536
21.947622584312093,66.6180595224014,1.42,29.04,0.070406701632192,0.4825024428021023,26.2,32.5399546121969,6.218,2.27873,1.99914723065536
6.784224620976784,17.8388064470735,1.23,27.47,0.159579721008491,0.984687889153348,24.4,27.48146527569601,6.581,2.99956,1.9331443248504725
26.197012906859655,55.8102856083302,1.23,27.47,0.159579721008491,0.984687889153348,24.4,27.48146527569601,6.581,2.99956,1.9331443248504725
9.703039093454157,32.6252860119583,1.23,27.47,0.159579721008491,0.984687889153348,24.4,27.48146527569601,6.581,2.99956,1.9331443248504725
14.601575404270859,66.5971881866921,1.23,27.47,0.159579721008491,0.984687889153348,24.4,27.48146527569601,6.581,2.99956,1.9331443248504725
12.702215973980618,17.775540779095,1.17,31.38,0.044969023369203,0.5349411854288448,29.0,29.043808483690142,2.0,1.9977,1.9313044191651256
49.58215691285327,56.64824195078,1.17,31.38,0.044969023369203,0.5349411854288448,29.0,29.043808483690142,2.0,1.9977,1.9313044191651256
18.383191266855214,33.1726572311127,1.17,31.38,0.044969023369203,0.5349411854288448,29.0,29.043808483690142,2.0,1.9977,1.9313044191651256
27.636687803515922,66.7479602405753,1.17,31.38,0.044969023369203,0.5349411854288448,29.0,29.043808483690142,2.0,1.9977,1.9313044191651256
9.198713166802987,17.8468453380779,1.32,28.29,0.08693523689078,0.5584165713052255,30.5,32.542868642297435,6.59,1.89284,1.7623852630549943
35.26462171161158,54.7490601131531,1.32,28.29,0.08693523689078,0.5584165713052255,30.5,32.542868642297435,6.59,1.89284,1.7623852630549943
13.051686617974342,31.9387226299213,1.32,28.29,0.08693523689078,0.5584165713052255,30.5,32.542868642297435,6.59,1.89284,1.7623852630549943
19.755085616480045,66.9172143251987,1.32,28.29,0.08693523689078,0.5584165713052255,30.5,32.542868642297435,6.59,1.89284,1.7623852630549943
7.251042070878436,17.6888950769988,1.56,29.76,0.1356913502339,0.748601363535326,26.6,27.83543677586105,5.771,1.5071,1.8789995487631104
28.81574469884102,58.1451996438002,1.56,29.76,0.1356913502339,0.748601363535326,26.6,27.83543677586105,5.771,1.5071,1.8789995487631104
10.682379563133125,34.0766093195988,1.56,29.76,0.1356913502339,0.748601363535326,26.6,27.83543677586105,5.771,1.5071,1.8789995487631104
15.998104041045764,66.3792474462806,1.56,29.76,0.1356913502339,0.748601363535326,26.6,27.83543677586105,5.771,1.5071,1.8789995487631104
7.1416260025019955,17.313956346143,1.24,27.3,0.129823976031694,0.6711587672575005,21.1,17.722548546812387,4.768,2.90904,1.7356038538573777
24.160449012664845,36.3447432885411,1.24,27.3,0.129823976031694,0.6711587672575005,21.1,17.722548546812387,4.768,2.90904,1.7356038538573777
9.218693898366304,18.9568911727614,1.24,27.3,0.129823976031694,0.6711587672575005,21.1,17.722548546812387,4.768,2.90904,1.7356038538573777
8.713649600202594,17.4499281299452,0.89,30.63,0.089627318366542,0.5625230861745607,21.3,22.80249888297168,2.329,1.70631,1.81913812598658
34.17708167352801,53.4906238932289,0.89,30.63,0.089627318366542,0.5625230861745607,21.3,22.80249888297168,2.329,1.70631,1.81913812598658
12.78963610552776,31.4624311149114,0.89,30.63,0.089627318366542,0.5625230861745607,21.3,22.80249888297168,2.329,1.70631,1.81913812598658
18.90913831584537,69.252952329368,0.89,30.63,0.089627318366542,0.5625230861745607,21.3,22.80249888297168,2.329,1.70631,1.81913812598658
6.0437706747270825,17.4880896145809,0.75,19.53,0.187729711005049,0.9993959050424658,12.1,12.708737754367467,2.602,2.43656,1.6183535597129235
23.924647427781522,55.0661876195318,0.75,19.53,0.187729711005049,0.9993959050424658,12.1,12.708737754367467,2.602,2.43656,1.6183535597129235
8.921334667426983,32.3615911586953,0.75,19.53,0.187729711005049,0.9993959050424658,12.1,12.708737754367467,2.602,2.43656,1.6183535597129235
13.275290587805914,68.8589297895774,0.75,19.53,0.187729711005049,0.9993959050424658,12.1,12.708737754367467,2.602,2.43656,1.6183535597129235
7.344147203348194,19.4782264519741,0.94,25.43,0.182543878693652,0.5992376651037132,16.5,19.22749912474288,5.39,2.1753400000000003,1.707766829513164
26.378505229732994,32.5920233105025,0.94,25.43,0.182543878693652,0.5992376651037132,16.5,19.22749912474288,5.39,2.1753400000000003,1.707766829513164
6.605063564891534,6.64286197533289,0.94,25.43,0.182543878693652,0.5992376651037132,16.5,19.22749912474288,5.39,2.1753400000000003,1.707766829513164
12.364837118969609,62.0900400948631,0.94,25.43,0.182543878693652,0.5992376651037132,16.5,19.22749912474288,5.39,2.1753400000000003,1.707766829513164
8.789777229886463,19.596733673657,1.2,25.54,0.129960122110279,0.46329423713619405,20.8,23.2068272188564,5.008,1.81421,1.8493479429349964
31.80198451575525,32.8479647995959,1.2,25.54,0.129960122110279,0.46329423713619405,20.8,23.2068272188564,5.008,1.81421,1.8493479429349964
7.812117389574237,6.50096563516165,1.2,25.54,0.129960122110279,0.46329423713619405,20.8,23.2068272188564,5.008,1.81421,1.8493479429349964
9.646658555067807,19.6419012073606,1.06,27.22,0.108701587010456,0.46736042719983867,20.8,26.237524118561137,3.573,1.7896500000000002,0.8407857580958307
35.00208750134772,32.9175683605333,1.06,27.22,0.108701587010456,0.46736042719983867,20.8,26.237524118561137,3.573,1.7896500000000002,0.8407857580958307
8.531290425180178,6.41452146403671,1.06,27.22,0.108701587010456,0.46736042719983867,20.8,26.237524118561137,3.573,1.7896500000000002,0.8407857580958307
16.041350559355426,62.2944827088608,1.06,27.22,0.108701587010456,0.46736042719983867,20.8,26.237524118561137,3.573,1.7896500000000002,0.8407857580958307
9.882313427563766,19.7635919165901,0.62,27.67,0.105657199229544,1.2576975004407094,21.5,21.922419671570267,3.697,1.95534,1.6510734734626455
36.12387077176607,33.1931690553559,0.62,27.67,0.105657199229544,1.2576975004407094,21.5,21.922419671570267,3.697,1.95534,1.6510734734626455
8.637203981514338,6.28533983425816,0.62,27.67,0.105657199229544,1.2576975004407094,21.5,21.922419671570267,3.697,1.95534,1.6510734734626455
16.28697892181177,62.4770012886773,0.62,27.67,0.105657199229544,1.2576975004407094,21.5,21.922419671570267,3.697,1.95534,1.6510734734626455
4.8794581694863846,17.1417033922256,1.13,25.81,0.26847500493196,2.3350405190518786,19.3,18.414065295453693,2.591,4.09229,1.713087392535802
16.4413566425465,35.9969566578617,1.13,25.81,0.26847500493196,2.3350405190518786,19.3,18.414065295453693,2.591,4.09229,1.713087392535802
6.435060956616985,19.2700116003629,1.13,25.81,0.26847500493196,2.3350405190518786,19.3,18.414065295453693,2.591,4.09229,1.713087392535802
9.629944432499586,56.5077782844363,1.13,25.81,0.26847500493196,2.3350405190518786,19.3,18.414065295453693,2.591,4.09229,1.713087392535802
15.775339001190186,17.8195987471806,1.53,27.51,0.029404468288192,0.4125104393226076,32.8,33.58916176188419,6.036,2.12329,0.8579253548336415
60.88058166430354,55.4569974372178,1.53,27.51,0.029404468288192,0.4125104393226076,32.8,33.58916176188419,6.036,2.12329,0.8579253548336415
22.55350588725773,32.4108323233334,1.53,27.51,0.029404468288192,0.4125104393226076,32.8,33.58916176188419,6.036,2.12329,0.8579253548336415
34.04456214175964,66.8869607553644,1.53,27.51,0.029404468288192,0.4125104393226076,32.8,33.58916176188419,6.036,2.12329,0.8579253548336415
5.6777766446550935,16.9577067998232,0.82,27.69,0.190827860663727,0.8469100544972377,22.5,22.86260899446331,2.928,1.24109,0.7243481662171408
16.51193808779909,24.7268144811645,0.82,27.69,0.190827860663727,0.8469100544972377,22.5,22.86260899446331,2.928,1.24109,0.7243481662171408
6.490054298712562,6.96531923006639,0.82,27.69,0.190827860663727,0.8469100544972377,22.5,22.86260899446331,2.928,1.24109,0.7243481662171408
5.265633402733101,17.7556713558754,0.53,25.78,0.260674270354163,3.078815121922513,20.9,17.330062998025358,2.939,3.59632,1.540962382234763
16.664779989470375,27.3693413357237,0.53,25.78,0.260674270354163,3.078815121922513,20.9,17.330062998025358,2.939,3.59632,1.540962382234763
5.557642837982209,7.02496157438604,0.53,25.78,0.260674270354163,3.078815121922513,20.9,17.330062998025358,2.939,3.59632,1.540962382234763
10.272261055360188,61.7285950393659,0.53,25.78,0.260674270354163,3.078815121922513,20.9,17.330062998025358,2.939,3.59632,1.540962382234763
8.443990416249958,18.0479412177325,1.41,34.59,0.107199899441181,0.3545401212113318,32.5,32.01607763292285,6.882,1.34582,0.7665072274842776
28.139620050165156,32.5829164874535,1.41,34.59,0.107199899441181,0.3545401212113318,32.5,32.01607763292285,6.882,1.34582,0.7665072274842776
9.303268726242388,12.1641779219643,1.41,34.59,0.107199899441181,0.3545401212113318,32.5,32.01607763292285,6.882,1.34582,0.7665072274842776
15.658152488079786,58.6198046706293,1.41,34.59,0.107199899441181,0.3545401212113318,32.5,32.01607763292285,6.882,1.34582,0.7665072274842776
9.259948979562846,17.9949178743246,1.5,33.43,0.088250270361692,0.6112335519296611,33.0,32.6487902901604,2.372,1.58523,0.5884093527428734
30.734738794617062,32.2649063425426,1.5,33.43,0.088250270361692,0.6112335519296611,33.0,32.6487902901604,2.372,1.58523,0.5884093527428734
10.233078544929226,12.0141928498092,1.5,33.43,0.088250270361692,0.6112335519296611,33.0,32.6487902901604,2.372,1.58523,0.5884093527428734
6.2519509738525505,18.3883162269434,0.72,28.93,0.208313132964527,2.763977965796418,26.1,24.300186532092404,3.057,3.13424,1.862692981851029
21.050324317171217,31.5805541156246,0.72,28.93,0.208313132964527,2.763977965796418,26.1,24.300186532092404,3.057,3.13424,1.862692981851029
6.449545246510494,9.64105500859387,0.72,28.93,0.208313132964527,2.763977965796418,26.1,24.300186532092404,3.057,3.13424,1.862692981851029
11.365202217326628,59.9389850885949,0.72,28.93,0.208313132964527,2.763977965796418,26.1,24.300186532092404,3.057,3.13424,1.862692981851029
3.2556057991412644,17.2913331092772,0.65,26.71,0.621857771260638,11.296222031600983,19.2,16.711357848149955,2.728,9.63941,1.4397653132415549
12.575043006754271,50.2837691180809,0.65,26.71,0.621857771260638,11.296222031600983,19.2,16.711357848149955,2.728,9.63941,1.4397653132415549
4.764565351643166,29.6951015692181,0.65,26.71,0.621857771260638,11.296222031600983,19.2,16.711357848149955,2.728,9.63941,1.4397653132415549
7.197325961694231,80.6622136431341,0.65,26.71,0.621857771260638,11.296222031600983,19.2,16.711357848149955,2.728,9.63941,1.4397653132415549
3.2930624077677497,17.1841644162156,0.62,32.0,0.594626501718437,12.13317969125306,26.8,18.49363428672304,3.053,6.924180000000001,1.4555643583997102
12.470407654103617,47.4233779572059,0.62,32.0,0.594626501718437,12.13317969125306,26.8,18.49363428672304,3.053,6.924180000000001,1.4555643583997102
4.786141425137425,28.05474602359,0.62,32.0,0.594626501718437,12.13317969125306,26.8,18.49363428672304,3.053,6.924180000000001,1.4555643583997102
7.499103898489872,90.9810138766073,0.62,32.0,0.594626501718437,12.13317969125306,26.8,18.49363428672304,3.053,6.924180000000001,1.4555643583997102
3.1534330129239456,13.5801049708606,0.71,26.06,0.257167114334994,3.2337120408488573,19.0,20.15190515654088,2.514,3.59029,1.8039718872257435
3.283802105972238,13.6575352461242,0.71,26.06,0.257167114334994,3.2337120408488573,19.0,20.15190515654088,2.514,3.59029,1.8039718872257435
5.7006232545271915,8.34011086836028,0.71,26.06,0.257167114334994,3.2337120408488573,19.0,20.15190515654088,2.514,3.59029,1.8039718872257435
10.393484034542508,62.9637212060466,0.71,26.06,0.257167114334994,3.2337120408488573,19.0,20.15190515654088,2.514,3.59029,1.8039718872257435
2.412076366513578,13.9026376337176,0.76,25.31,0.487011565886824,4.624957319925923,16.6,16.271022143127702,2.828,6.92452,1.4587555878461098
3.1849485041559444,14.8385381823668,0.76,25.31,0.487011565886824,4.624957319925923,16.6,16.271022143127702,2.828,6.92452,1.4587555878461098
4.138910104419022,8.27870296173666,0.76,25.31,0.487011565886824,4.624957319925923,16.6,16.271022143127702,2.828,6.92452,1.4587555878461098
7.633395085376293,64.2607621801539,0.76,25.31,0.487011565886824,4.624957319925923,16.6,16.271022143127702,2.828,6.92452,1.4587555878461098
3.088490751621905,13.6909041446424,0.74,28.3,0.277874850955958,3.3765485279401592,22.4,19.27589197338551,3.148,4.66995,1.646542210554094
3.53308758958613,14.0905277736292,0.74,28.3,0.277874850955958,3.3765485279401592,22.4,19.27589197338551,3.148,4.66995,1.646542210554094
5.497073825090672,8.50867488550032,0.74,28.3,0.277874850955958,3.3765485279401592,22.4,19.27589197338551,3.148,4.66995,1.646542210554094
10.080044231938695,64.0410047833814,0.74,28.3,0.277874850955958,3.3765485279401592,22.4,19.27589197338551,3.148,4.66995,1.646542210554094
6.458250222829097,17.2072619126891,1.0,29.72,0.155336322481525,1.291958662584707,26.1,25.021849602106144,4.822,2.7678000000000003,1.894603694507338
24.62545714306126,48.2866518038965,1.0,29.72,0.155336322481525,1.291958662584707,26.1,25.021849602106144,4.822,2.7678000000000003,1.894603694507338
9.417292114713145,28.5704322290885,1.0,29.72,0.155336322481525,1.291958662584707,26.1,25.021849602106144,4.822,2.7678000000000003,1.894603694507338
14.942777238976367,96.221567784323,1.0,29.72,0.155336322481525,1.291958662584707,26.1,25.021849602106144,4.822,2.7678000000000003,1.894603694507338
6.135052676209459,17.2197224474438,0.84,29.34,0.172573730952471,1.8428526435465942,25.1,25.276970396759506,3.999,3.12753,1.8406079220608509
23.46618681683663,48.6996473164476,0.84,29.34,0.172573730952471,1.8428526435465942,25.1,25.276970396759506,3.999,3.12753,1.8406079220608509
8.958225433099605,28.8123307851368,0.84,29.34,0.172573730952471,1.8428526435465942,25.1,25.276970396759506,3.999,3.12753,1.8406079220608509
14.221834103424634,96.9825395485198,0.84,29.34,0.172573730952471,1.8428526435465942,25.1,25.276970396759506,3.999,3.12753,1.8406079220608509
9.048423947085464,17.2251773717643,1.34,29.11,0.079423722985775,0.6177328014191102,21.5,25.20045120895985,6.265,1.54059,1.6666147164342011
34.673022497772564,48.9322072528053,1.34,29.11,0.079423722985775,0.6177328014191102,21.5,25.20045120895985,6.265,1.54059,1.6666147164342011
13.22476250760256,28.9505003221651,1.34,29.11,0.079423722985775,0.6177328014191102,21.5,25.20045120895985,6.265,1.54059,1.6666147164342011
21.102650525954882,99.2280435024715,1.34,29.11,0.079423722985775,0.6177328014191102,21.5,25.20045120895985,6.265,1.54059,1.6666147164342011
7.499478530793786,17.2315599990275,1.39,29.07,0.115771308720836,0.5936433972390366,25.8,28.057572220083333,4.733,2.2626500000000003,1.831622607473936
28.774307642413383,49.1134029433528,1.39,29.07,0.115771308720836,0.5936433972390366,25.8,28.057572220083333,4.733,2.2626500000000003,1.831622607473936
10.966128973983325,29.0543838538569,1.39,29.07,0.115771308720836,0.5936433972390366,25.8,28.057572220083333,4.733,2.2626500000000003,1.831622607473936
17.439623000447966,98.214159353599,1.39,29.07,0.115771308720836,0.5936433972390366,25.8,28.057572220083333,4.733,2.2626500000000003,1.831622607473936
4.365913366090239,17.2546307902217,0.62,28.34,0.343209333514281,3.696650667207505,22.3,15.98553411819132,2.949,4.5684700000000005,1.5599067162358315
16.833597177613495,49.8105451250914,0.62,28.34,0.343209333514281,3.696650667207505,22.3,15.98553411819132,2.949,4.5684700000000005,1.5599067162358315
6.396756872338895,29.4545648301999,0.62,28.34,0.343209333514281,3.696650667207505,22.3,15.98553411819132,2.949,4.5684700000000005,1.5599067162358315
10.084255915076477,95.7451982413345,0.62,28.34,0.343209333514281,3.696650667207505,22.3,15.98553411819132,2.949,4.5684700000000005,1.5599067162358315
8.215543131836375,17.2432415635006,0.84,29.32,0.096700162262487,0.9348265162863416,23.7,24.872065943057112,2.92,1.75812,1.924528341670564
31.622828834176417,49.5424728907025,0.84,29.32,0.096700162262487,0.9348265162863416,23.7,24.872065943057112,2.92,1.75812,1.924528341670564
12.03154535408897,29.3048693839665,0.84,29.32,0.096700162262487,0.9348265162863416,23.7,24.872065943057112,2.92,1.75812,1.924528341670564
19.193161909837432,100.077094803131,0.84,29.32,0.096700162262487,0.9348265162863416,23.7,24.872065943057112,2.92,1.75812,1.924528341670564
5.780750997573844,17.309114998625,0.46,13.77,0.197949390017287,0.6819071886136132,8.0,7.328658822272959,3.417,1.7406199999999998,0.98894742923951
22.49489337586337,51.2652534650923,0.46,13.77,0.197949390017287,0.6819071886136132,8.0,7.328658822272959,3.417,1.7406199999999998,0.98894742923951
8.497531702663473,30.272892650088,0.46,13.77,0.197949390017287,0.6819071886136132,8.0,7.328658822272959,3.417,1.7406199999999998,0.98894742923951
13.001682546180108,84.9113301737317,0.46,13.77,0.197949390017287,0.6819071886136132,8.0,7.328658822272959,3.417,1.7406199999999998,0.98894742923951
7.203505954901368,17.3298525313665,1.2,30.11,0.128014721055524,0.7576689018786814,25.3,26.47542456840032,4.078,2.25535,2.0751204037273303
28.182741971034222,52.0624059292013,1.2,30.11,0.128014721055524,0.7576689018786814,25.3,26.47542456840032,4.078,2.25535,2.0751204037273303
10.618339639182388,30.7281988231885,1.2,30.11,0.128014721055524,0.7576689018786814,25.3,26.47542456840032,4.078,2.25535,2.0751204037273303
16.251973199248653,84.8386125804525,1.2,30.11,0.128014721055524,0.7576689018786814,25.3,26.47542456840032,4.078,2.25535,2.0751204037273303
8.673118725280833,17.3517928651756,1.17,28.78,0.088700061325981,0.5525107049670231,26.9,27.34546477619664,2.353,1.85936,2.081500427911344
34.01404998157576,52.5398693984801,1.17,28.78,0.088700061325981,0.5525107049670231,26.9,27.34546477619664,2.353,1.85936,2.081500427911344
12.791847161368683,30.9891801895235,1.17,28.78,0.088700061325981,0.5525107049670231,26.9,27.34546477619664,2.353,1.85936,2.081500427911344
19.367144859497586,80.1112973641841,1.17,28.78,0.088700061325981,0.5525107049670231,26.9,27.34546477619664,2.353,1.85936,2.081500427911344
7.637759208995098,17.3639637926158,1.23,30.21,0.114659372487777,0.878518566910365,23.5,27.37300707772177,3.278,2.04095,2.200119931242621
30.004170477158908,52.8519341173431,1.23,30.21,0.114659372487777,0.878518566910365,23.5,27.37300707772177,3.278,2.04095,2.200119931242621
11.271674970871592,31.1618922934554,1.23,30.21,0.114659372487777,0.878518566910365,23.5,27.37300707772177,3.278,2.04095,2.200119931242621
17.00915860719048,78.4675874855168,1.23,30.21,0.114659372487777,0.878518566910365,23.5,27.37300707772177,3.278,2.04095,2.200119931242621
6.597648504886102,17.2543851498872,0.91,29.73,0.150282775365701,1.2222618949451054,29.3,28.526439975238976,2.937,2.34968,1.9747558423159983
25.484131432222835,50.0057255672407,0.91,29.73,0.150282775365701,1.2222618949451054,29.3,28.526439975238976,2.937,2.34968,1.9747558423159983
9.679529718832464,29.5757678474649,0.91,29.73,0.150282775365701,1.2222618949451054,29.3,28.526439975238976,2.937,2.34968,1.9747558423159983
15.618910463151451,105.801897728995,0.91,29.73,0.150282775365701,1.2222618949451054,29.3,28.526439975238976,2.937,2.34968,1.9747558423159983
9.705752732402443,17.3646070457515,2.03,31.87,0.071013251007109,0.5544199281433282,32.5,31.795759670052657,6.475,1.09007,2.0197006788671765
33.47280974178736,38.3203081366251,2.03,31.87,0.071013251007109,0.5544199281433282,32.5,31.795759670052657,6.475,1.09007,2.0197006788671765
12.713937310532208,20.5949075122683,2.03,31.87,0.071013251007109,0.5544199281433282,32.5,31.795759670052657,6.475,1.09007,2.0197006788671765
18.8053043912497,56.2742814438274,2.03,31.87,0.071013251007109,0.5544199281433282,32.5,31.795759670052657,6.475,1.09007,2.0197006788671765
6.166848409462125,17.3151355632652,1.06,30.49,0.174151170577175,1.9355939485689633,29.6,28.48109003611773,3.864,3.2247,2.0627720496296496
24.084642149431666,51.7320925484974,1.06,30.49,0.174151170577175,1.9355939485689633,29.6,28.48109003611773,3.864,3.2247,2.0627720496296496
9.086211490239988,30.5471329917392,1.06,30.49,0.174151170577175,1.9355939485689633,29.6,28.48109003611773,3.864,3.2247,2.0627720496296496
14.049041604823636,89.1362414812818,1.06,30.49,0.174151170577175,1.9355939485689633,29.6,28.48109003611773,3.864,3.2247,2.0627720496296496
7.831062154381212,17.2959958514052,1.24,26.86,0.107578326423605,1.1133824124871718,25.3,27.778071730996416,6.116,1.87084,0.4885418349963765
30.498579730897724,51.2513426695016,1.24,26.86,0.107578326423605,1.1133824124871718,25.3,27.778071730996416,6.116,1.87084,0.4885418349963765
11.527727221214313,30.280661960724,1.24,26.86,0.107578326423605,1.1133824124871718,25.3,27.778071730996416,6.116,1.87084,0.4885418349963765
18.103434652650165,95.6291431168167,1.24,26.86,0.107578326423605,1.1133824124871718,25.3,27.778071730996416,6.116,1.87084,0.4885418349963765
6.620624892988708,17.2435055907849,1.08,28.2,0.148910463248714,1.0425471732459637,29.2,30.04108506394063,3.328,2.6049,1.9765732731766688
25.513470072686193,49.6713409532985,1.08,28.2,0.148910463248714,1.0425471732459637,29.2,30.04108506394063,3.328,2.6049,1.9765732731766688
9.70393937683967,29.3846770052659,1.08,28.2,0.148910463248714,1.0425471732459637,29.2,30.04108506394063,3.328,2.6049,1.9765732731766688
15.78588339764315,108.700997498308,1.08,28.2,0.148910463248714,1.0425471732459637,29.2,30.04108506394063,3.328,2.6049,1.9765732731766688
3.3798372960451015,13.6706890524661,0.96,27.68,0.230532535644469,1.3432378478229599,21.1,21.036562235242663,2.777,3.4025700000000003,1.7095643558165352
3.814516952864869,14.0367578783714,0.96,27.68,0.230532535644469,1.3432378478229599,21.1,21.036562235242663,2.777,3.4025700000000003,1.7095643558165352
6.049581825919146,8.67914492597784,0.96,27.68,0.230532535644469,1.3432378478229599,21.1,21.036562235242663,2.777,3.4025700000000003,1.7095643558165352
11.044861272693025,63.8547520261205,0.96,27.68,0.230532535644469,1.3432378478229599,21.1,21.036562235242663,2.777,3.4025700000000003,1.7095643558165352
